{
  "data": [{
    "bookStatus": 1,
    "author": "金庸",
    "category": "武侠小说",
    "title": "金庸作品全集（新修版）（全36册）（金庸作品集）",
    "cmReadBook": false,
    "description": "套装包含：《书剑恩仇录》(共二册)、《碧血剑》（共二册）、《射雕英雄传》(共四册)、《神雕侠侣》（共四册）、《雪山飞狐》（连《白马啸西风》及《鸳鸯刀》）、《飞狐外传》（共二册）、《倚天屠龙记》(共四册)、《连城诀》、《天龙八部》(共五册)、《侠客行》（连《越女剑》及《卅三剑客图》）（共二册）、《笑傲江湖》（共四册）、《鹿鼎记》(共五册)。",
    "readCount": "10.8万",
    "iconUrl": "https://easyreadfs.nosdn.127.net/u03zXtRnwLDdrINXUZApDg==/8796093024493733685",
    "payType": 2,
    "sourceUrl": "/source/4e92e40e7c434aa09a7dfb25c69d6259_4",
    "createBy": 0,
    "free4LimitedTime": false,
    "showTotalCount": "887.1万"
  }, {
    "bookStatus": 1,
    "author": "高阳",
    "category": "历史小说",
    "title": "高阳版《胡雪岩全传》（共6册）",
    "cmReadBook": false,
    "description": "讲透一代商圣胡雪岩的天才与宿命，影响中国一代企业家的经典！马云读了两遍！胡雪岩传记小说至高经典，其他版本大多是这套书的删减版或改编版。高阳版《胡雪岩全传》出版40年来无可逾越，是商人必备的生存手册。\n\n胡雪岩从店伙计到大清巨富花了30年，倾家荡产只花了3天！“有井水处有金庸，有村镇处有高阳。”武侠小说有金庸，历史小说有高阳！高阳的历史小说，注重历史的真实性，又擅长讲故事，读起来轻松畅快，有读者评为“华语历史小说不可逾越的高峰”。翻开本书，看当代历史小说巨匠高阳，重现一代商圣胡雪岩的辉煌与宿命。",
    "readCount": "1.1万",
    "iconUrl": "https://easyreadfs.nosdn.127.net/WO86gXsCi0bwdi_ukMcFhw==/8796093024360166868",
    "payType": 2,
    "sourceUrl": "/source/44da8009d5a2483393fb4fd6e1fda7aa_4",
    "createBy": 0,
    "free4LimitedTime": false,
    "showTotalCount": "143.6万"
  }, {
    "bookStatus": 1,
    "author": "烽火戏诸侯",
    "category": "武侠小说",
    "title": "雪中悍刀行（1-20册）完结版大全集",
    "cmReadBook": false,
    "description": "魔窟北凉的草包世子徐凤年兀自觉醒，逐渐成熟，踏上了逆袭之路。他一刀将江湖捅了个透！妖刀烽火颠覆传统用鬼斧般的文字创造了一个奇特而神秘的世界。",
    "readCount": "2.9万",
    "iconUrl": "https://easyreadfs.nosdn.127.net/z0OQjxfjV12HOsZZAV63dg==/8796093024515226041",
    "payType": 2,
    "sourceUrl": "/source/e36cb62641664f008d5017a276d72eaa_4",
    "createBy": 0,
    "free4LimitedTime": false,
    "showTotalCount": "447.7万"
  }, {
    "bookStatus": 1,
    "author": "阿怪,桃子同学,黑猫十一,屁桃猪—lin,温言,【日】奥野宣之,徐凯蒂",
    "category": "现当代文学",
    "title": "用手帐书写更有趣的生活（套装共2册）",
    "cmReadBook": false,
    "description": "每个玩手帐的小伙伴在围观手帐达人的晒图时，大概都有过这样的怨念：\n这款胶带/贴纸我也有啊，为什么人家贴得这么好看！\n这一页布置得好漂亮，她是怎么想到要这样安排的？\n她用的是什么工具？看起来很好用的样子……\n\n我不会画画，是不是就做不出这么好看的手帐？\n怎样才能把手帐照片拍得这么漂亮？\n\n不用再偷师了！我们邀请了五位你很可能围观过的手帐达人，将她们的设计思路、私房秘籍和手帐神器，毫无保留统统介绍给你！你将了解到她们写手帐时在想些什么、用些什么，她们脑袋里那些绝妙的创意是从哪里来的，怎样形成并保持强烈的个人风格，坚持写手帐将为生活带来哪些变化等。\n\n对于爱手帐的我们，生活从来不是毫无意义的时间流逝。让我们通过用心写手帐，把生活过得更美好。",
    "readCount": "5307",
    "iconUrl": "https://easyreadfs.nosdn.127.net/gxH4kB1nJYQoAeNQqtjHlA==/8796093024367963864",
    "payType": 2,
    "sourceUrl": "/source/1b59fc73565349b1a4f1e30ef0568f27_4",
    "createBy": 0,
    "free4LimitedTime": false,
    "showTotalCount": "11.4万"
  }, {
    "bookStatus": 1,
    "author": "余华",
    "category": "现当代文学",
    "title": "活着",
    "cmReadBook": false,
    "description": "《活着》是一篇读起来让人感到沉重的小说。那种只有阖上书本才会感到的隐隐不快，并不是由作品提供的故事的残酷造成的。毕竟，作品中的亡家、丧妻、失女以及白发人送黑发人这样的故事并不具备轰动性。\n\n同时，余华也不是一个具有很强煽动能力的作家，实际上，渲染这样的表达方式是余华一直所不屑的。余华所崇尚的只是叙述，用一种近乎冰冷的笔调娓娓叙说一些其实并不正常的故事。而所有的情绪就是在这种娓娓叙说的过程中中悄悄侵入读者的阅读。\n\n这样说来，《活着》以一种渗透的表现手法完成了一次对生命意义的哲学追问。",
    "readCount": "29.5万",
    "iconUrl": "https://easyreadfs.nosdn.127.net/aHdDxyYaF7okR4jpl95_6A==/8796093024511263723",
    "payType": 2,
    "sourceUrl": "/source/5864e421df84404899893c09d1e6379b_4",
    "createBy": 0,
    "free4LimitedTime": false,
    "showTotalCount": "9.3万"
  }, {
    "bookStatus": 1,
    "author": "蜘蛛",
    "category": "悬疑推理",
    "title": "罪全书系列（共6册）",
    "cmReadBook": false,
    "description": "蜘蛛十年经典集结，热播影视剧《十宗罪》原著！本套装包含了著名悬疑小说作家蜘蛛的罪全书系列（又名十宗罪系列），共6册：《罪全书》、《罪全书2》、《罪全书3》、《罪全书5》、《罪全书6》、《罪全书前传》。\n\n本套书根据真实案例改编而成，涉案地名人名均为化名。恐怖案件，就发生在我们身边。每一个都是曾被媒体严密封锁，大众讳莫如深的奇案大案。",
    "readCount": "1.4万",
    "iconUrl": "https://easyreadfs.nosdn.127.net/nqTW_Z3wulFa7qnBr0Uj2g==/8796093024455057897",
    "payType": 2,
    "sourceUrl": "/source/427a0ee6656f49b798bdc6032c981b50_4",
    "createBy": 0,
    "free4LimitedTime": false,
    "showTotalCount": "95.2万"
  }, {
    "bookStatus": 1,
    "author": "【瑞典】西蒙·斯塔伦海格,汪洋",
    "category": "科幻小说",
    "title": "电幻国度",
    "cmReadBook": false,
    "description": "直到战争结束后，人们才意识到，带来末日的并非战争。\n\n\"Sentre Stimulus TLE\"头盔，这台原本将要引领人类走向伊甸园的虚幻装置，于1996年更新至Mode 6以后，以一种始料未及的方式彻底摧毁了人类世界。\n\n欢迎进入\"电幻国度\"的时代。",
    "readCount": "8453",
    "iconUrl": "https://easyreadfs.nosdn.127.net/ZSDFJSDm9iCnjHn19U92rg==/8796093024515003473",
    "payType": 2,
    "sourceUrl": "/source/81d94d49ef3b41aab7cd0adfba8aae01_4",
    "createBy": 0,
    "free4LimitedTime": false,
    "showTotalCount": "2.1万"
  }, {
    "bookStatus": 1,
    "author": "中共中央文献研究室,周恩来研究组",
    "category": "人物传记",
    "title": "周恩来（开国领袖画传系列）",
    "cmReadBook": false,
    "description": "“开国领袖画传系列”首批出版包括周恩来、刘少奇和朱德老一代无产阶级革命家的故事，真实记述了他们为中国人民的解放事业和社会主义革命建设事业而不懈奋斗的一生，对他们在不同历史时期的革命活动做了充分反映 ，“开国领袖画传系列”收录了大量珍贵的历史照片，对他们的生活、工作等诸多方面进行了全方位的纪录。",
    "readCount": "5025",
    "iconUrl": "https://easyreadfs.nosdn.127.net/uKuI5db2E4SXvDYivGlxZg==/8796093024509535787",
    "payType": 2,
    "sourceUrl": "/source/3a3cf4747e784056859bbb34b62572c0_4",
    "createBy": 0,
    "free4LimitedTime": false,
    "showTotalCount": "16.8万"
  }, {
    "bookStatus": 1,
    "author": "【美】丹尼尔·戈尔曼,【美】理查德·博亚兹,【美】安妮·麦基,杨春晓,魏平,张岩,王乾,葛文婷",
    "category": "成长励志",
    "title": "情商系列（全六册）",
    "cmReadBook": false,
    "description": "【《情商：为什么情商比智商更重要》】20世纪最具影响力的话题书籍之一。连续畅销10年，全球销售超过8000000册！ 本书不仅打破了长久以来智商的天生决定论，更为心理学界探讨已久的“情绪智慧”问题提出关键性的解释。 \n\n【《情商2：影响你一生的社交商》】在本书中·戈尔曼阐述了他的最新发现，一项同样具有划时代意义的发现——我们与他人的关系也影响着我们的智力，并对我们生活的方方面面施加着影响。 \n\n如果说在职场中“智商决定是否录用，情商决定是否升迁”，那么“社交商则决定着你在职场内外的生活质量”。 \n\n【《情商 3：影响你一生的工作情商》】 在这本书中，丹尼尔·戈尔曼认为，工作职位的升高，技术能力和认知能力的重要性就会递减，而情商的重要性则会递增。优秀员工的工作业绩中，情商要素所占的比重高达三分之二。 \n\n【《情商 4：决定你人生高度的领导情商》】在这本书中，戈尔曼引用了新的情商模型即把情商归结为自我意识、自我管理、社会意识和人际关系管理，这种简化的情商模型更有利于提高领导情商。\n \n作者还探讨了可以产生共鸣感的四种领导风格，即愿景式领导、辅导式领导、亲和式领导、民主式领导。 \n\n【《情商 5：影响你一生的生态商》】在本书中，戈尔曼对人们的“生态无知”进行了深入探讨。他认为，“生态商”将成为连接环保和商业这两个至今背道而驰的领域的“必要粘合剂”。 \n\n【《情商（实践版）》】在本书中，介绍了大脑与情绪科学的最新发现，其中一些关键认识有助于我们进一步理解和应用情商。",
    "readCount": "32.7万",
    "iconUrl": "https://easyreadfs.nosdn.127.net/NupOxvq1_ak1He70P8p0Ug==/8796093024515373444",
    "payType": 2,
    "sourceUrl": "/source/5bd954406d7145518e99a97d79cee0ca_4",
    "createBy": 0,
    "free4LimitedTime": false,
    "showTotalCount": "104.4万"
  }, {
    "bookStatus": 1,
    "author": "【英】肯·福莱特,胡允桓",
    "category": "外国小说",
    "title": "圣殿春秋（全3册）",
    "cmReadBook": false,
    "description": "半个地球都在通宵读！《巨人的陨落》作者肯·福莱特《中世纪三部曲》第一部，一部小说写活中世纪史！BBC读者评选年度小说、脱口秀女王奥普拉读书俱乐部推荐，口碑横扫世界各国。同名改编英剧由奥斯卡奖获得者“小雀斑”主演。\r\n\r\n十二世纪英国。一个贫困的建筑匠，一心只想建造一座美丽的大教堂。几经波折，他终于遇到了一个机会。但一座大教堂的建造过程是各方势力的角力：教会、贵族、王室、“巫女”……教堂的建造屡遭干涉。每一种声音都有可能成就他，也有可能毁灭他。",
    "readCount": "1.8万",
    "iconUrl": "https://easyreadfs.nosdn.127.net/DlDuRX-VmbDh3j3CvmuEBQ==/8796093024438537104",
    "payType": 2,
    "sourceUrl": "/source/b4aec3f3b3564491b32e04c7d334cf43_4",
    "createBy": 0,
    "free4LimitedTime": false,
    "showTotalCount": "71.6万"
  }, {
    "bookStatus": 1,
    "author": "王伟",
    "category": "经济学",
    "title": "权力密码：当历史遇见经济学",
    "cmReadBook": false,
    "description": "用经济学思维破解政治智慧！看古代高人如何运筹帷幄、纵横捭阖！“看懂世界格局”系列畅销书作者王伟全新力作！一部以“察盛衰之理，审权势之宜，观驭人之术，思成事之道”为宗旨、以解开权力运行的法则和密码为目标，从经济学角度解析历史事件的全新历史作品。\n\n从大禹治水到刘邦建汉，权力的演变、制度的变革，做事之道、用人之法，一切尽在“权利密码”中。且看古代高人如何运筹帷幄、纵横捭阖，成就千古令名。\n\n身为读者的我们，也将学会用经济学的思维破解政治智慧、分析当前政治经济形势，看懂复杂的社会变革、经济演变，从而为人生道路的选择提供有益的参考。",
    "readCount": "1.2万",
    "iconUrl": "https://easyreadfs.nosdn.127.net/1pUvVj8NpRD5CZX-vFEFIg==/8796093024504102260",
    "payType": 2,
    "sourceUrl": "/source/b83d2796c085487ca7211992a920692c_4",
    "createBy": 0,
    "free4LimitedTime": false,
    "showTotalCount": "11.4万"
  }, {
    "bookStatus": 1,
    "author": "【以色列】尤瓦尔·赫拉利",
    "category": "社会学",
    "title": "人类简史：从动物到上帝",
    "cmReadBook": false,
    "description": "《人类简史： 从动物到上帝》是以色列新锐历史学家的一部重磅作品。\r\n\r\n从十万年前有生命迹象开始到21世纪资本、科技交织的人类发展史。十万年前，地球上至少有六个人种，为何今天却只剩下了我们自己？我们曾经只是非洲角落一个毫不起眼的族群，对地球上生态的影响力和萤火虫、猩猩或者水母相差无几。为何我们能登上生物链的顶端，最终成为地球的主宰？ \r\n\r\n从认知革命、农业革命到科学革命，我们真的了解自己吗？我们过得更加快乐吗？我们知道金钱和宗教从何而来，为何产生吗？人类创建的帝国为何一个个衰亡又兴起？\r\n\r\n为什么地球上几乎每一个社会都有男尊女卑的观念？为何一神教成为为广泛接受的宗教？科学和资本主义如何成为现代社会重要的信条？理清影响人类发展的重大脉络，挖掘人类文化、宗教、法律、国家、信贷等产生的根源。\r\n\r\n这是一部宏大的人类简史，更见微知著、以小写大，让人类重新审视自己。",
    "readCount": "6.5万",
    "iconUrl": "https://easyreadfs.nosdn.127.net/RRZV5SGq5kT6ov8dMgjKmg==/8796093023360834133",
    "payType": 2,
    "sourceUrl": "/source/1c6c9f350bec4764aed4f53ac4193523_4",
    "createBy": 0,
    "free4LimitedTime": false,
    "showTotalCount": "26.7万"
  }, {
    "bookStatus": 1,
    "author": "张嘉佳",
    "category": "现当代文学",
    "title": "云边有个小卖部",
    "cmReadBook": false,
    "description": "《从你的全世界路过》之后张嘉佳沉淀5年回归之作！让刘十三陪着你，走进云边镇的春夏秋冬，见证每一场相遇与离别。\n\n“有些人刻骨铭心，没几年会遗忘。有些人不论生死，都陪在身旁。”满镇开着桔梗，蒲公英飞得比石榴树还高，一直飘进山脚的稻海。在大多数人心中，自己的故乡后来会成为一个点，如同亘古不变的孤岛。外婆说，什么叫故乡，祖祖辈辈埋葬在这里，所以叫故乡。\n\n刘十三就这样，看着小女孩像梦境一般，马尾辫，眉清目秀，向他走过来。毫无疑问，刘十三认为，这场面会铭记一生。爱情必须给予。和普通的年轻人一样，刘十三没什么拿得出手的东西，只有尚未到来的未来。\n\n山这边是刘十三的童年，山那边是外婆的海。山风微微，像月光下晃动的海浪，有的，没的，温和而柔软，停留在时光的背后，变成小时候听过的故事。为别人活着，也要为自己活着。希望和悲伤，都是一缕光。总有一天，我们会再相遇。",
    "readCount": "6.3万",
    "iconUrl": "https://easyreadfs.nosdn.127.net/7I3Y6Mt0s37FgELEH87Deg==/8796093024460994518",
    "payType": 2,
    "sourceUrl": "/source/883752294d3f4b51aca8574a4663fcdd_4",
    "createBy": 0,
    "free4LimitedTime": false,
    "showTotalCount": "11.5万"
  }, {
    "bookStatus": 1,
    "author": "金庸",
    "category": "武侠小说",
    "title": "笑傲江湖（新修版）（全四册）",
    "cmReadBook": false,
    "description": "《笑傲江湖》是金庸1967年写的一部武侠小说，1967年4月20日至1969年10月12日连载于《明报》。\r\n\r\n《笑傲江湖》属于金庸的后期作品，其叙事状物，已到炉火纯青、出神入化的境界。书中所涉及的场景、人物以及各类武林人物交手搏斗的场面不可胜数，但历历写来，景随情转，变化无穷而皆能贴合生活。\r\n\r\n《笑傲江湖》的主线是武林争霸夺权，为了达到目的，夺取《辟邪剑谱》和《葵花宝典》，最后两派都败在《辟邪剑谱》和《葵花宝典》上。\r\n\r\n《笑傲江湖》系海外新派武侠小说代表作之一，其不仅靠跌宕起伏、波谲云诡的情节引人入胜，更能于错综复杂的矛盾冲突中刻画人物性格，塑造出数十个个性鲜明、生动感人的文学形象。如豁达不羁、舍生取义的令狐冲；娇美慧黠、挚情任性的任盈盈；阴鸷狡诈、表里不一的岳不群；桀骜不驯、老谋深算的任我行；冰清玉洁、相思痴恋的仪琳；虚怀若谷、萧条离奇的冲虚以及逃避纷争、寄情于各自喜好的“江南四友”，打诨插科的“桃谷六仙”，皆可为武侠小说的人物画廊增添异彩。\r\n\r\n作品所高扬侠义、仁爱、富贵不淫、威武不屈的高尚精神对今人仍有强烈的感召力。",
    "readCount": "6517",
    "iconUrl": "https://easyreadfs.nosdn.127.net/fSXgyZ9WBnJXZyW1OUW1Kg==/8796093024307544194",
    "payType": 2,
    "sourceUrl": "/source/de70f4aabb4c41108bfd78e72dcfc04e_4",
    "createBy": 0,
    "free4LimitedTime": false,
    "showTotalCount": "99.5万"
  }, {
    "bookStatus": 1,
    "author": "【日】东野圭吾",
    "category": "外国小说",
    "title": "解忧杂货店",
    "cmReadBook": false,
    "description": "僻静的街道旁有一家杂货店，只要写下烦恼投进店前门卷帘门的投信口，第二天就会在店后的牛奶箱里得到回答：因男友身患绝症，年轻女孩静子在爱情与梦想间徘徊；克郎为了音乐梦想离家漂泊，却在现实中寸步难行；少年浩介面临家庭巨变，挣扎在亲情与未来的迷茫中……\r\n\r\n他们将困惑写成信投进杂货店，奇妙的事情随即不断发生。生命中的一次偶然交会，将如何演绎出截然不同的人生？",
    "readCount": "101.2万",
    "iconUrl": "https://easyreadfs.nosdn.127.net/SmO4CW8UG3Dt26BjKRzSJA==/8796093023506640543",
    "payType": 2,
    "sourceUrl": "/source/e58b1b4e46bd4b998ed47d5246096b4c_4",
    "createBy": 0,
    "free4LimitedTime": false,
    "showTotalCount": "15.8万"
  }, {
    "bookStatus": 1,
    "author": "南派三叔",
    "category": "悬疑推理",
    "title": "沙海（全集）",
    "cmReadBook": false,
    "description": "一组离奇照片让吴邪决定深入沙漠，派出探查的伙计却精神失常离奇失踪。寻找下发现失踪的伙计在少年黎簇的背上刻下了诡异的图案。吴邪执意邀请黎簇一同前往沙漠腹地古潼京。一行人在沙漠中竟被传说中会移动的海子带到了荒无人烟的白沙区，发现那片区域就是他们要寻找的死亡禁地，同时也是一个机密工程的遗址。卡车围住的海子，白沙下游走的神秘生物，在吴邪、王盟、黎簇陷入绝境之时，黑眼镜突然现身。他能否解救吴邪？解雨臣给了黎簇怎样的信息？闷油瓶留下的线索会是关键吗？这一切黎簇又会如何面对？ \n\n80年代的一个冬天，北京城里出现了很多红旗车，将一些在建筑方面有卓越天赋的孩子带入了巴丹吉林沙漠，之后的30年里，这些孩子再也没有出现。 一千九百多年前的古代建筑设计图纸和巴丹吉林中某一处工业废墟非常相似，在调查那个废墟的过程中，有人发现了那些失踪孩子的名字。 \n\n80年代的沙漠中建设着传说中中国最伟大的建筑，吴邪好像知道一切，但对于谜题却无动于衷，他似乎只是把这个地方当成了自己的棋盘。他在谋划什么？ 当吴邪不再天真，他会是一个什么样的人？当一个人透透彻彻地恨过之后，他还会是从前的自己吗？ \n\n手上一道道伤痕，披上了喇嘛的袈裟，吴邪并没有平静下来，而是带着一个惊天的计划从《藏海花》中走来，开始全面孤独的反击。",
    "readCount": "8.3万",
    "iconUrl": "https://easyreadfs.nosdn.127.net/ey6RzP3Q60tj0SzJqD3nFw==/8796093024504086850",
    "payType": 2,
    "sourceUrl": "/source/3fe140c0dfec464f9a84e7016093672c_4",
    "createBy": 0,
    "free4LimitedTime": false,
    "showTotalCount": "26.4万"
  }, {
    "bookStatus": 1,
    "author": "【美】迈克尔·加扎尼加,罗路",
    "category": "心理学",
    "title": "双脑记：认知神经科学之父加扎尼加自传",
    "cmReadBook": false,
    "description": "在本书中，加扎尼加讲述了自己充满激情的科研人生，以及一段历时半个世纪的探索之旅：大脑的两侧半球是如何分工与合作的，人类的意识又是产生于何处？\n\n加扎尼加以一个关于人类意识本质的伟大发现为背景，以“科研是如何做成的”为主题，为我们讲述了一个关于科学、友谊、人生的迷人故事。",
    "readCount": "6349",
    "iconUrl": "https://easyreadfs.nosdn.127.net/UqfrbE1PXXwUp-0jiFut6A==/8796093024461152367",
    "payType": 2,
    "sourceUrl": "/source/f182bcf26ef94870bde6a41e42e68564_4",
    "createBy": 0,
    "free4LimitedTime": false,
    "showTotalCount": "26.8万"
  }, {
    "bookStatus": 1,
    "author": "老舍",
    "category": "历史小说",
    "title": "四世同堂：足本：全三册",
    "cmReadBook": false,
    "description": "《四世同堂》系老舍先生的代表作，分为《惶惑》《偷生》《饥荒》三部，是老舍创作生涯中最具代表性的作品之一。它表现了抗战期间北平沦陷区普通民众生活与抗争，展示了普通人在大时代历史进程中所走过的艰难曲折的道路。",
    "readCount": "5204",
    "iconUrl": "https://easyreadfs.nosdn.127.net/yniy79AEVMYand_I-rYdyw==/8796093024503051381",
    "payType": 2,
    "sourceUrl": "/source/1b6079fe25e84749a6ce4fa545672ea8_4",
    "createBy": 0,
    "free4LimitedTime": false,
    "showTotalCount": "74.3万"
  }, {
    "bookStatus": 1,
    "author": "尤四姐",
    "category": "言情小说",
    "title": "宫花红（共4册）",
    "cmReadBook": false,
    "description": "她是前朝的公主，国破家亡忍辱负重八九载，受得了天寒地冻，却难度过一个情字的关隘；\n\n他是灭她国家的新帝，指点江山数十年，握得住百万雄兵，却没有一个相知相伴的人。\n\n奴役与帝王，都是骄傲却又孤独的。但人都说缘定三生，一定是前世来生的缘分，怎么都不可能的两个人爱恨交加，纠缠不清。求不得，放不下。他二人如野兽般，互相撕咬，彼此伤害，却改变不了命运。最终，江山红颜，放下才是最好的活着。",
    "readCount": "6029",
    "iconUrl": "https://easyreadfs.nosdn.127.net/pgj0gXPa6J_j6HFodynh2Q==/8796093024451051231",
    "payType": 2,
    "sourceUrl": "/source/ac8476db3e454532a06df354ed0dd38d_4",
    "createBy": 0,
    "free4LimitedTime": false,
    "showTotalCount": "60万"
  }, {
    "bookStatus": 1,
    "author": "葛亮",
    "category": "现当代文学",
    "title": "问米",
    "cmReadBook": false,
    "description": "《问米》甄选了近年来葛亮创作的7篇具有悬疑感的中短篇代表作。在悲悯的民间叙事中，是人生的风姿百态，也是命运的横强与无常。\n\n娓娓道来之下，总能看到些许平庸又熟悉的样子，他们面目模糊、泯然众人，却被巨大的秘密裹挟着，在下一秒堕入深渊。自认聪明的，以破釜沉舟的信念，步入迷障。更多的人则在观望，终于亦步亦趋。\n\n他们是旅居越南的通灵师，是隔壁的奇怪邻居，是擦肩而过的路人，是我，也是你。\n\n面前是一片浩浩汤汤，自时代的跌宕，自历史深处的幽暗，或自个人的痛快与无涯苍茫。彼岸处，刹那间似有一两点星火。不明亮，但足够暖。",
    "readCount": "5871",
    "iconUrl": "https://easyreadfs.nosdn.127.net/PGzaFakOio6mvuQSXRMFaQ==/8796093024413213646",
    "payType": 2,
    "sourceUrl": "/source/99bbcf9332ad4249a2adfe13725917e2_4",
    "createBy": 0,
    "free4LimitedTime": false,
    "showTotalCount": "10.7万"
  }]
}
