{
  "data": [{
    "author": "宗萨蒋扬钦哲仁波切",
    "category": "宗教哲学",
    "title": "八万四千问",
    "iconUrl": "https://easyreadfs.nosdn.127.net/f4jV9nBvP6j6hEolrKp_Tg==/8796093023603283068",
    "description": "宗萨蒋扬钦哲仁波切四年来首部作品。“佛法能够解决你们的所有问题。”\r\n\r\n宗萨仁波切在《八万四千问》前言中写道：“当我和中国朋友们吃饭或喝咖啡时，他们并没有把我当成预测彩票中奖号码的算命先生，而是以其探究未知事物的愿望，引燃了很多场对话的火花。”\r\n\r\n 书中所论，都是大家所关心的话题，同时也可能是一个热心寻求智慧的中国人最常遇到疑惑的地方。\r\n\r\n包括如何认识佛教、因果与轮回、佛法与日常生活、烦恼、爱情、关系、婚姻、我执、上师、活佛、传承、佛教与现代教育、佛教与艺术、佛教与社会等。\r\n\r\n宗萨仁波切以超凡的智慧和幽默的语言为舟楫，帮助大家在这个物质主义空前强大的世界里弄明白自己是谁，从哪里来，要去往哪里。\r\n\r\n这本小书，将为人们解答所有问题。",
    "sourceUrl": "/source/7f04cde6842e44afa9fc4ee12610fd94_4",
    "readCount": "4.3万",
    "showTotalCount": "930.1万"
  }, {
    "author": "金错刀",
    "category": "管理学",
    "title": "爆品战略：39个超级爆品案例的故事、逻辑与方法",
    "iconUrl": "https://easyreadfs.nosdn.127.net/GqWFujwDL7OBJ2LwNFmL-w==/8796093024278662823",
    "description": "爆品是一种极端的意志力，是一种信仰，是整个企业运转的灵魂！\r\n\r\n爆品正成为这个时代的商业法则；做爆品则是每家企业都要面临的生死抉择。\r\n\r\n爆品专家金错刀梳理了自福特T型车以来，全球100多年的爆品发展史，总结出苹果、腾讯、小米等39个超级爆品背后一套经过实践检验的系统性方法——爆品研发“金三角法则”。\r\n\r\n除此之外，金错刀更进一步指出打造爆品首先是一种信念，一种精神信仰，其次是围绕爆品进行的企业架构重组和企业文化重建，最终才能将企业打造成源源不断产生超级爆品的平台。\r\n\r\n在这本颠覆性著作中，金错刀剖析了打造爆品的有效策略和常见陷阱，指明了传统工业时代爆品和互联网时代爆品的本质区别：\r\n\r\n一个是基于渠道利益分配的产物，一个是基于用户需求的流量导入；为众多传统企业转型提供了可靠的路径和参考。\r\n\r\n翻开本书，了解39个超级爆品案例的故事、逻辑与方法。",
    "sourceUrl": "/source/61e9e754fc454f3c810f86cace574ba7_4",
    "readCount": "4.9万",
    "showTotalCount": "940.1万"
  }, {
    "author": "【美】周锡瑞",
    "category": "纪实文学",
    "title": "叶：百年动荡中的一个中国家庭",
    "iconUrl": "https://easyreadfs.nosdn.127.net/tGxkdgrP_DhZtpAttAZW1w==/8796093024031914758",
    "description": "介绍了谱牒的纂辑与祠堂的修建，从总体上描述了古老宗法社会的根基。\r\n\r\n安庆叶家比较完整的历史，似乎是从1802 年县衙以西叶家老宅一个婴儿的诞生开始，他的名字是坤厚。他和他的儿子伯英在道、咸年间的国内战乱中，如同曾国藩、李鸿章一样组织地方团练，为扶持风雨飘摇的大清王朝立下汗马功劳。虽然未能擢升为封疆大吏，但毕竟已从道台攀登到省一级政府中的藩臬要职。父子二人都在大清河的水利工程中有所建树，并且顺应同光新政的潮流在政府部门工作中有所革新。他们不仅为安徽叶家奠定了更为辉煌而又坚实的基础，而且还成为以后北迁天津的后世子孙心目中的创业先驱。",
    "sourceUrl": "/source/62b45df09b254cbdb4a72fff2bddb911_4",
    "readCount": "1.9万",
    "showTotalCount": "400.1万"
  }, {
    "author": "易中天",
    "category": "人文历史",
    "title": "易中天中华史‧第2部：第一帝国(套装共6册)",
    "iconUrl": "https://easyreadfs.nosdn.127.net/0TJIEnt2f2EzFUbpJCb2Ng==/8796093024482128837",
    "description": "“易中天中华史”第二部《第一帝国》，将展现八百年的历史，这里有两个短命王朝：秦和晋，一个或两个长命王朝：西汉和东汉，还有天下三分和南北对峙。\n\n含六卷：《秦并天下》：大秦只活了十五岁，秦始皇始创的\"帝国制\"却主宰了中华历史两千一百三十二年。\n\n《汉武的帝国》：他最开放：打通西域、剿灭南粤、降服西南夷；他最霸道：罢黜百家，独尊儒术。汉武帝造就了全球第一帝国，也让他的王朝盛极而衰。\n\n《两汉两罗马》：大汉与罗马是一对难兄难弟，都经历了国家的分裂与统一、文明的中断与延续。世界、历史、制度、信仰、信念，五个角度，五把钩子，撕开种种历史谜题的面具。\n\n《三国纪》：读罢《三国演义》，记得演义，忘了三国。还原曹操、刘备、孙权、诸葛亮的历史面目，讲述三国严肃正史。\n\n《魏晋风度》：爱美、清谈、酗酒、嗑药、男人女性化；江山易主，中原逐鹿，衣冠南渡，五胡乱华。中华历史注定有此一劫！\n\n《南朝北朝》：有了南北朝，才有了南北方。北方五胡十六国，乱成一锅粥；南朝宋齐梁陈，一个比一个短命。北方在整合，南方在试验，沿着这条线索，看透这乱世的精彩。",
    "sourceUrl": "/source/52061951004e485eb7ef38251bd69704_4",
    "readCount": "3.1万",
    "showTotalCount": "443.1万"
  }, {
    "author": "【日】高桥政史",
    "category": "职场进修",
    "title": "聪明人用方格笔记本",
    "iconUrl": "https://easyreadfs.nosdn.127.net/Ny9nvTS0H1UJBB_27DqXaA==/8796093023968160285",
    "description": "这是一本教读者如何通过记笔记整理大脑思路的书。麦肯锡咨询公司、波士顿咨询公司等各大外资管理咨询公司，以及考取东大的学生……\r\n\r\n聪明的人都在用“方格笔记本”。原因是什么呢？因为使用方格笔记本，可以“理清大脑思路”。整理笔记的同时，也能使工作和学习变得更有意思，效率自然也就越高。笔记是我们的“第二大脑”。\r\n\r\n只要看一个人的笔记本，就能看出这个人的大脑。从现在开始使用方格笔记本，遵循空、雨、伞之道，开始新的笔记之路，开启新的人生模式。",
    "sourceUrl": "/source/c8b93ff625584e4d88a2dec980f6b35a_4",
    "readCount": "3.9万",
    "showTotalCount": "470.1万"
  }, {
    "author": "陶旭骏,刘羽,陈平",
    "category": "互联网",
    "title": "别再迷恋互联网思维",
    "iconUrl": "https://easyreadfs.nosdn.127.net/SCO5335SEDDZPC7CF3jVMQ==/8796093023953698301",
    "description": "从互联网企业领袖到传统制造业大佬，从智能手机到家电、餐饮、房地产行业，这是一个人人热议互联网思维的时代。\r\n\r\n但目前流传的互联网思维无疑过于片面，对大众而言带有迷惑性，使许多人知其然不知其所以然。功成名就的商业怪才们似乎都有一套自己的“独孤九剑”，可是互联网思维到底是什么？\r\n\r\n一代代互联网公司的成功和衰落，正如其他行业公司的兴衰一样，遵循着共同的商界规律。移动互联网时代来了，但我们不应盲从，对社会形态、消费者心理、本身所处的行业生态的理解至关重要。\r\n\r\n本书从趋势分析、产略规划、产品策略、盈利模式、传播渠道、组织机构等多方面剖析，理解互联网和移动互联网，并形成相应的商业思维。互联网思维并非凭空而来，经营从来没有万能法则。从商业的本质出发，才能把握真正的商机！",
    "sourceUrl": "/source/a6315c6fb18f4c75ab098628a02c5126_4",
    "readCount": "3.1万",
    "showTotalCount": "470.2万"
  }, {
    "author": "吴声",
    "category": "互联网",
    "title": "超级IP：互联网新物种方法论",
    "iconUrl": "https://easyreadfs.nosdn.127.net/_64zaWTOc8YIrVMZ6Fe7Cg==/8796093022692649937",
    "description": "《超级IP：互联网新物种方法论》是罗辑思维联合创始人吴声对未来图景的深度思考，深度解构这一移动互联时代新的连接符号和话语体系，帮助企业、品牌、个人迎接IP时代的变革与挑战。",
    "sourceUrl": "/source/63b01ce5aa874b26a5ce76f4e34b5848_4",
    "readCount": "3.3万",
    "showTotalCount": "403.1万"
  }, {
    "author": "马化腾",
    "category": "经济学",
    "title": "分享经济 ： 供给侧改革的新经济方案",
    "iconUrl": "https://easyreadfs.nosdn.127.net/7oWWnzJTNfbrLmoJUW79ow==/8796093023928199905",
    "description": "《分享经济：供给侧改革的新经济方案》由“分享经济”倡导者马化腾等创作，以腾讯研究院长时间的研究为基础撰写而成，程维作序推荐。\r\n\r\n书中通过界定“分享经济”的内涵、世界各国的分享经济发展现状、各国政府的态度、各种企业的发展路径等内容，清晰呈现出当下中国政府和企业可供参考的案例以及可以选择的发展模式。",
    "sourceUrl": "/source/55c1732a7250489cae2cc8e0f5b8871d_4",
    "readCount": "3.0万",
    "showTotalCount": "180.1万"
  }, {
    "author": "黄凯莉",
    "category": "两性关系",
    "title": "30天爱上我",
    "iconUrl": "https://easyreadfs.nosdn.127.net/98pkaKMqYW3NjDLMVO1hBw==/7917104944058105747",
    "description": "30天爱上我（Project30）是一个有趣而又深刻的社会实验，一个 30日的旅程，一个让异性，让全世界，甚至是让你自己都爱上你的旅程。旨在激励女性通过30天的旅程寻找到他爱和自爱，主动掌控自己的命运，为自己的人生负责。",
    "sourceUrl": "/source/112cf35fd6594ba8870fba7c89bd59b3_4",
    "readCount": "21万",
    "showTotalCount": "100.1万"
  }, {
    "author": "燕公子",
    "category": "两性关系",
    "title": "恋爱口语：我们到底要跟男人聊什么？",
    "iconUrl": "https://easyreadfs.nosdn.127.net/zNi0EKWQybd_GqDOyrAh3Q==/8796093024315522496",
    "description": "这是一本实用的恋爱指导书。\r\n\r\n燕公子继畅销书《迎男而上》之后的新作品。\r\n\r\n跟直男说话的技巧，帮你和想亲近的人更近一步。\r\n\r\n作为“中华恋爱题库”系列的第一季，这本书主要侧重于恋爱中的沟通与表达。\r\n\r\n高情商的说话方式，能给人好的感受。男人啊，固然喜欢漂亮的，但是后他们都选择了那个“和她在一起很舒服”的女孩子",
    "sourceUrl": "/source/4cc736044ee9438a82cc8154e1b8d41b_4",
    "readCount": "1.9万",
    "showTotalCount": "920.1万"
  }, {
    "author": "刘晓庆",
    "category": "人物传记",
    "title": "人生不怕从头再来",
    "iconUrl": "https://easyreadfs.nosdn.127.net/O2vz2iNRSL8f_KRFXu_p1Q==/8796093022571404197",
    "description": "《人生不怕从头再来》是著名艺人刘晓庆以随笔形式写的回忆录。以往做演员、开公司、做富豪的经历已被众人周知。光鲜背后，她锒铛入狱的恓惶、背债千万的重创、凭着才华东山再起的艰辛和乐观却在此书中首度详尽披露。\r\n\r\n《人生不怕从头再来》中浓缩了刘晓庆一生中最壮阔的波澜：“惊天大案”从天而降如同上演公路大片；“老鼠”和“猫”竟然做了朋友就像喜剧电影；“中国好女演员”重返影坛从龙套做起又仿佛励志剧本。但一切绝不夸张、不苦情，充满正能量。\r\n\r\n刘晓庆创造过很多名言，如她在上本书中写到的“做人难。做女人难。做名女人更难。做单身的名女人，难乎其难。”\r\n\r\n如今经历过秦城422天的反思，她已涅槃重生，认为当时的挫折和今天比连浪花都算不上，简直就是细小的涟漪，就发出小女人的哀叹。如今她已修炼成“伟大的女人，是如水一般的女人”，“不在乎曾经炫目的‘刘晓庆时代’，也没有一件事值得我悔恨终生，我活着的每一天都清醒，快乐，风华绝代。”她不仅乐观对待自己的遭迹，深刻反省自己曾经的年少轻狂，也笑看一切恩怨情仇，淡泊洒脱。",
    "sourceUrl": "/source/5633fc10de17488f9e65f4051a96d7ea_4",
    "readCount": "3.0万",
    "showTotalCount": "120.1万"
  }, {
    "author": "巫童",
    "category": "军事谍战",
    "title": "暗杀1905大合集（共3册）",
    "iconUrl": "https://easyreadfs.nosdn.127.net/VHBORXMNP5774Jv4HU_ieg==/8796093022716680894",
    "description": "政客操纵时代，刺客决定生死！十年来最好看的历史悬疑巨著！1905年，发生了上百起政治暗杀。孙中山成立 同盟会暗杀部；蔡元培组织光复会从事暗杀活动；陈独秀出任暗杀团幕后策划；甚至文人鲁迅也加入了暗杀团。无论他们信仰什么主义，怀揣什么目的，都企图用这种古老的暴力方式掌控整个国家的未来。\r\n    在那些被遮掩的历史中，一名真正决定他人生死的刺客也被时代洪流卷入多起政治暗杀中，成为各方势力制衡的关键：他孤身闯入紫禁城刺杀慈禧，也在东京出任过孙中山的保镖，还曾潜入大牢营救汪精卫，更与吴樾等反清志士结下深厚情谊。那个风雨飘摇的乱世中，他在无数个黑夜，用一次次暗杀行动改变了自己和这个国家未来的命运。\r\n    作者引用诸多史料，使尘封多年的暗杀事件重见天日，并用跌宕起伏的叙事重新解构了那段人人自危的岁月。翻开本书，了解那场千年变局中的疯狂与混乱。",
    "sourceUrl": "/source/2669386aed8243329485f323b8e8fac6_4",
    "readCount": "1.3万",
    "showTotalCount": "479.1万"
  }, {
    "author": "【白俄】阿列克谢耶维奇",
    "category": "外国小说",
    "title": "二手时间",
    "iconUrl": "https://easyreadfs.nosdn.127.net/II_1CNDeoiC9j1KhMzlUzw==/8796093022730419133",
    "description": "《二手时间》是2015年诺贝尔文学奖获得者阿列克谢耶维奇的最新作品。通过口述采访的形式，讲述了苏联解体后，1991年到2012年二十年间的痛苦的社会转型中，身处关键历史时刻的普通人的生活，以及他们为梦想破碎付出的代价。\r\n\r\n在书中，从学者到清洁工，每个人都在重新寻找生活的意义。他们的真实讲述同时从宏观和微观上呈现出一个重大的时代，一个社会的变动，为这一段影响深远的历史赋予了人性的面孔。",
    "sourceUrl": "/source/19f4127de636494294ead6d0ffc01d6b_4",
    "readCount": "5.2万",
    "showTotalCount": "480.1万"
  }]
}
