{
  "data": [{
    "author": "路菲汐",
    "category": "穿越",
    "title": "嫡女贵凰：重生毒妃狠绝色",
    "iconUrl": "https://easyreadfs.nosdn.127.net/7mBonSrHEaKoKsczUi8XXg==/8796093023199363630?param=200x0&type=1.jpg",
    "description": "她扶持夫君当上皇帝，但是他登基之日，却将她满门抄斩。\n\n重生五年前，父母尚在，她也尚未出嫁，一切还没有开始，叶慕兮誓要报仇雪恨，挽救前世遗憾。\n\n被人欺压的懦弱小姐，带着五年记忆惊艳变身，护胞弟，踩渣男，步步为营，占尽先机。\n\n只是，怎么一不小心招惹了这个妖孽世子爷？\n她杀人，他放火。她下毒，他灭口。\n\n她要愿得一人心，他就宠她一世一双人。\n\n……\n\n夫妻联手，男强女强，一宠到底。",
    "sourceUrl": "/source/bd_30dd006f528547f1a18f770e83886567_4",
    "readCount": "3.9万",
    "showTotalCount": "470.1万"
  }, {
    "author": "二聂",
    "category": "现言",
    "title": "帝国老公狠狠爱",
    "iconUrl": "https://easyreadfs.nosdn.127.net/vr3JqI2Hh-10oKuBQRpiqw==/8796093024233660385?param=200x0&type=1.jpg",
    "description": "传言，顾老三貌丑心狠，且那方面不行，而事实果真如此。\n\n但许意暖偏偏是个护短的人，自己说可以，外人敢说她老公一个“不”字都不行，典型的护夫狂魔。\n\n“顾老三，你长得丑没关系，我给你介绍整容医生。你有隐疾，也没关系，我给你介绍……”\n\n许意暖还没说完，就被顾老三堵住了唇。\n\n“老婆，这种小事就不要麻烦别人了，我们自己治吧！”",
    "sourceUrl": "/source/bd_a44eac99c34a4bf28f0c7d44f1f779d9_4",
    "readCount": "0.9万",
    "showTotalCount": "230.1万"
  }, {
    "author": "明药",
    "category": "现言",
    "title": "亲爱的少帅大人",
    "iconUrl": "https://easyreadfs.nosdn.127.net/BcGJJtIylNOBW4TuztEatg==/8796093023617721645",
    "description": "少帅说：“我家夫人是乡下女子，不懂时髦，你们不要欺负她！”\r\n　　那些被少帅夫人抢尽了风头的名媛贵妇们欲哭无泪：到底谁欺负谁啊？\r\n　　少帅又说：“我家夫人娴静温柔，什么中医、枪法，她都不会的！”\r\n　　那些被少帅夫人治好过的病患、被少帅夫人枪杀了的仇敌：少帅您是瞎了吗？\r\n　　“我家夫人小意柔情，以丈夫为天，我说一她从来不敢说二的！”少帅跪在搓衣板上，一脸豪气云天的说。\r\n　　督军府的众副官：脸是个好东西，拜托少帅您要一下！　",
    "sourceUrl": "/source/ts_68f5f49695df4fe1a2941ff3c97a481a_4",
    "readCount": "2.9万",
    "showTotalCount": "402.1万"
  }, {
    "author": "杨十六",
    "category": "穿越",
    "title": "神医嫡女",
    "iconUrl": "https://easyreadfs.nosdn.127.net/7HGm_gbdVkkdDiJdExN6DQ==/8796093024017335911",
    "description": "21世纪中西医双料圣手、陆战部队特级医官凤羽珩，duang 的一声穿越成大顺朝凤家嫡女。\r\n奈何爹爹不亲，祖母不爱，娘亲懦弱，弟弟年幼，姐妹一个比一个狠辣，穿越重生，绝不能再像原主那般窝囊！\r\n跟我斗？老子一鞭子抽得你满地找牙！\r\n跟我打？老子一手术刀把你千刀万剐！\r\n玩阴的？老子一针下去扎你个半身不遂！\r\n杀我灭口？一爪子挠开你的心窝！\r\n人人可欺的柔弱女子摇身一变成为大顺朝的香饽饽，跟皇帝开医院，揽尽天下人心天下财，但是那个见鬼皇子的婚约是怎么回事儿？\r\n还有这位毁了容的瘸子你说什么？壁咚了劳资还要我助你得天下？\r\n得了天下谁还送给你！流氓王爷你si不si傻？",
    "sourceUrl": "/source/ts_0b4f7da6510c4a4dade9ca0b6d747796_4",
    "readCount": "3.0万",
    "showTotalCount": "410.1万"
  }, {
    "author": "上官娆",
    "category": "现言",
    "title": "总裁爹地惹不起",
    "iconUrl": "https://easyreadfs.nosdn.127.net/Jv9rrWT9MS7oJKuETkgkZg==/8796093024164236890?param=200x0&type=1.jpg",
    "description": "一场渡假，被当小姐，回国还撞见未婚夫出轨。她怒然消失离开。五年后，她带着天才萌宝回归。小宝参加钢琴大赛，哪料到，儿子竟然还打着找老爸的算盘。“镜头往这边，把我拍帅一点！我叫唐宝，我的妈咪叫唐思雨，超漂亮的哦！我今年四岁半，有长得像我，并且，有可能是我爹地的男人，请一定要联系我哦！”说完，还不忘朝镜头道，“爹地，等你哦！”后台，某女人已气疯。几天之后，神秘男人找上门，自称孩子父亲。唐思雨看着这个高大俊美，和儿子一个模子般的男人，她怒了。五年前把她强上的混蛋就是他？",
    "sourceUrl": "/source/ts_19689ad44a874f2e9bfe36b03752bddd_4",
    "readCount": "1.9万",
    "showTotalCount": "140.1万"
  }, {
    "author": "汤圆儿",
    "category": "现言",
    "title": "甜婚来袭：腹黑老公坏透了",
    "iconUrl": "https://easyreadfs.nosdn.127.net/5fOV3PhzSw1jjrmoQ6j86w==/8796093024180711509",
    "description": "<p>老婆，跟我回家—</p><p>　　昨天的小助理，转身成了大BOSS，还单膝跪地请她当老婆，这是要吓死她吗？</p><p>　　晚晚一口血，“啊嘞！你不是很穷很屌丝吗？说好的我养你呢？”</p><p>　　他优雅一笑，“你娶我也行，我和儿子跟你回家。”</p><p>小包子神助攻，“妈咪妈咪，快答应！买一送一，限时特惠哦！”</p><p>PS：她不是正八经的姑娘，而是来撩汉的！他也不是正八经的男人，他是来涨姿……知识的！&nbsp;毒舌小丫头PK腹黑大BOSS，除了无休止的斗嘴，只能无休止的扑倒喽。【本文爆笑，高甜，知识库，1对1欢脱到底】</p><p>　　</p>",
    "sourceUrl": "/source/2f7e36b461f64df095e73f01945275ba_4",
    "readCount": "3.3万",
    "showTotalCount": "410.1万"
  }, {
    "author": "墨子白",
    "category": "古言",
    "title": "家有王妃初长成",
    "iconUrl": "https://easyreadfs.nosdn.127.net/mnv8OoC_dWN-YMtWIj9-Eg==/8796093024476687276",
    "description": "楚王爷很郁闷，别人成亲娶个美娇娘，他成亲娶个小丫头片子。别人娶妻当老婆养，他娶妻当闺女养。他更郁闷的是，自己战功赫赫，威名传九洲，百姓称为煞神，皇帝见了也要矮三分，可他家小王妃就敢拍着桌子冲他喊：不听话，小心我打你。",
    "sourceUrl": "/source/ts_1553a28fa0f74b94ae12e6609a646249_4",
    "readCount": "3.2万",
    "showTotalCount": "120.1万"
  }, {
    "author": "凌沐",
    "category": "现言",
    "title": "曾想盛装嫁予你",
    "iconUrl": "https://easyreadfs.nosdn.127.net/tjY6G-bPL2jSXVrgI21oJw==/8796093024495026621",
    "description": "<p>坊间传闻盛世集团继承人独宠一人。</p><p>某天记者采访道：“贺总，请问你喜欢顾小姐什么？”</p><p>某人想了很长时间后回答：“喜欢她……善解人衣。”</p><p>记者又问：“那遇到两人意见不合时您作何处理？”</p><p>某人这次回答的很干脆：“意见不合……就睡服！”</p><p>一场沙漠偶遇，铸就了一段难解的缘分，从此，撩汉的路上她越走越远，被撩的路上他越陷越深…隐忍男神VS小妖精的故事，爆发之后的爱念一发而不可收拾……</p>",
    "sourceUrl": "/source/758c3a3000d3409fbaca5accc8e97c70_4",
    "readCount": "3.2万",
    "showTotalCount": "402.1万"
  }, {
    "author": "鱼歌",
    "category": "现言",
    "title": "闪婚老公太抢手",
    "iconUrl": "https://easyreadfs.nosdn.127.net/a5dClhkVyUmL0QtIf9-uGQ==/8796093024455237678",
    "description": "他是两杠三星的一团首长，空窗五年，父母催婚。她是刚走出校园的职场新人，加班回去撞见自己的男友和闺蜜相拥相吻，果断分手。既然你未娶我未嫁，那不如咱俩结婚试试。“是妻子就该履行妻子的责任。”“不孝有三，无后为大，娶你就是为了生孩子。\"",
    "sourceUrl": "/source/bd_8f0a674eb1e4426984cabcd7d258df71_4",
    "readCount": "3.9万",
    "showTotalCount": "470.1万"
  }, {
    "author": "阮佳",
    "category": "现言",
    "title": "慕少的秘宠甜妻",
    "iconUrl": "https://easyreadfs.nosdn.127.net/WqnrFEjCuGaVNApJKqsr8Q==/8796093024424898611",
    "description": "被未婚夫和闺蜜联手背叛，沈微被注射了脑死，残忍的被挖去了子宫和心脏，不甘就此死去，竟重生到了桐城慕氏集团慕南深的妻子身上。慕南深其人，冷硬狠辣，人称铁面冷神。等等，说的是她眼前的这个人吗？自从吃到她以后，某人开启了狂撩狂宠模式。她打架，他递板砖，她跟人吵架，他请了一众律师团加油助威！沈微从来没有见过一个人可以这样坦率直白的表达爱意。矜贵高冷的慕先生堵死了沈小姐的唯一的去处，“怪你过分美腻，睡到日上三竿还想睡！”",
    "sourceUrl": "/source/ts_ac174b3eab3141e797974c7c66c24893_4",
    "readCount": "2.9万",
    "showTotalCount": "231.1万"
  }, {
    "author": "白鹭未双",
    "category": "古言",
    "title": "楼边人似玉",
    "iconUrl": "https://easyreadfs.nosdn.127.net/KtHmE7QISrHIJfwuD8DxJw==/8796093024370305832",
    "description": "<p>掌灯客栈的老板娘真的很讨人厌。</p><p>刻薄、爱财、狐媚不正经。</p><p>他修上清之道，斩世间万妖，决计不能被她迷惑了去！</p><p>（除妖腹黑县令宋立言x贪财自恋掌柜楼似玉，只涉及人、妖两界，换背景谈恋爱，无修仙成分，HE，过程甜虐，以上）</p>",
    "sourceUrl": "/source/4868b103b921417da9b0e0be1011a0af_4",
    "readCount": "3.1万",
    "showTotalCount": "420.1万"
  }, {
    "author": "花柒迟迟",
    "category": "种田",
    "title": "重生之富在深山",
    "iconUrl": "https://easyreadfs.nosdn.127.net/JA3LOtPSc4lFX7n0RhwLeA==/8796093024330661171",
    "description": "<p>大元有明君，因而太平百年。</p><p>老熊岭有熊，因而凶名在外。</p><p>陆家…有女，因而…鸡飞狗跳！</p><p>老爹书呆，大哥愚孝，二哥莽夫，三哥腹黑，</p><p>初来乍到的陆小米欲哭无泪…</p><p>人家穿越非富即贵，偏偏她就艰苦到吃饭都吃不饱？</p><p>陆小米表示不服！</p><p>谁说家住深山不能发家致富，谁说穷山恶水只能出刁民？</p><p>看她左手大棒，右手美食，带领全家奔小康！</p><p>不过，这位公子，你要在我家养一辈子伤吗？</p><p>那伙食费怎么算！</p><p>以身相许？你真是想得太美了！</p>",
    "sourceUrl": "/source/15573ea1159c4c3dbada91fa978ce365_4",
    "readCount": "1.9万",
    "showTotalCount": "170.1万"
  }]
}
