{
  "data": [{
    "author": "血徒",
    "category": "都市",
    "title": "医武兵王",
    "iconUrl": "https://easyreadfs.nosdn.127.net/2luKMDJy1RILMzDPDXn5YQ==/8796093022886214925?param=200x0&type=1.jpg",
    "description": "兵王会医术，谁也挡不住！\r\n被开除出部队的兵王陆轩，回归都市。\r\n\r\n机缘巧合之下和美丽总裁签下一纸婚约，从而与美女总裁发展着一系列错综复杂的爱恨情仇。\r\n\r\n美女总裁、暴力警花、美丽校花、初恋女友、大明星，各式各样的美女钻进陆轩的生活里，让想过平静生活的陆轩，也平静不下来",
    "sourceUrl": "/source/bd_e666f73ae6c646af92a3e004955d72f7_4",
    "readCount": "2.9万",
    "showTotalCount": "380.1万"
  }, {
    "author": "一念",
    "category": "都市",
    "title": "都市奇门医圣",
    "iconUrl": "https://easyreadfs.nosdn.127.net/qQMVZpro5TlolT6wNSpT6g==/8796093023608815390",
    "description": "实习医生叶皓轩，意外的得到一本古书上的玄术与医道传承，自此开始了不一样的人生，他银针渡人，术法渡鬼，成就济世仁心，医道问卜 、风水勘舆无所不精。且看主角如何弘扬华夏传统文化。",
    "sourceUrl": "/source/bd_a75e703c358a442d91b352ec185431ff_4",
    "readCount": "3.1万",
    "showTotalCount": "492.1万"
  }, {
    "author": "伯乐",
    "category": "都市",
    "title": "超级天才狂少",
    "iconUrl": "https://easyreadfs.nosdn.127.net/UHSRy_SJG32U5Y0W1vbFLQ==/8796093022427880945",
    "description": "陈昊天因为在非洲某个小国执行任务，感染超级病毒，心灰意冷，本想混两天安静日子，却从此咸鱼翻身，美女玩命儿朝身上扑，这不是难为人吗？就在他悲愤欲绝的时候，突然发现，好像想死都死不掉了…… 只好纵横都市，乐我逍遥。",
    "sourceUrl": "/source/ts_a7c639ebd8864efca1f00c0999a0aec3_4",
    "readCount": "2.9万",
    "showTotalCount": "100.1万"
  }, {
    "author": "道门弟子",
    "category": "都市",
    "title": "赌石高手",
    "iconUrl": "https://easyreadfs.nosdn.127.net/zC-bK4Wl5afRyWrSZwytXg==/7917037873850099328",
    "description": "巨商富二代一夜变成落魄少爷，唐大少背负起家族巨债，在惊心动魄的赌石中竟然赚取到了千万巨资，不仅帮助父亲重振家业，更是成为了赌石界的传奇高手。\r\n而这一切成功的秘密，只有他自己一个人知道。",
    "sourceUrl": "/source/bd_4a38c7625fbb454f8d3a147f664f23ca_4",
    "readCount": "3.1万",
    "showTotalCount": "402.1万"
  }, {
    "author": "雨阳",
    "category": "都市",
    "title": "妇产科的透视神医",
    "iconUrl": "https://easyreadfs.nosdn.127.net/ZaRFEFr3mqH_AQhCowWNMQ==/8796093023525377011",
    "description": "天生双瞳异能，无意窥探到了女上司的隐私，市属医院医生楚北被发配偏远小县城，哪知他的一门家传绝活、专治女人不孕症的手艺获得了阔太太们的赏识，他周旋于形形色色的太太之间，从此开始了他在医术上的巅峰人生。",
    "sourceUrl": "/source/ts_a0ef947f758e4b5b9792dbd16881b1f3_4",
    "readCount": "3.3万",
    "showTotalCount": "140.1万"
  }, {
    "author": "云十三狼",
    "category": "都市",
    "title": "兵王归来",
    "iconUrl": "https://easyreadfs.nosdn.127.net/p3AKrlCnuql3Uarl4wm3zQ==/8796093022667154524",
    "description": "特种兵精英雷东退役归来，却发现普通人的生活远比和凶残的犯罪分子作斗争艰难。\r\n流光溢彩的大城市居然比毒蛇猛兽出没的亚马逊原始森林还要危险，温文尔雅的语言居然比眼镜蛇的毒液还要致命，甚至那些千娇百媚的女人也大多是吃人的蛇蝎变化而来……\r\n既然如此，那就让你们认识一下什么才是真正的丛林法则吧……",
    "sourceUrl": "/source/bd_dc25286ef35843638008616138f0cb11_4",
    "readCount": "3.92万",
    "showTotalCount": "470.4万"
  }, {
    "author": "血旗",
    "category": "军事",
    "title": "特战狂龙",
    "iconUrl": "https://easyreadfs.nosdn.127.net/MLsKK_KY2bVaKkmrUIdTOA==/8796093022570429396?param=200x0&type=1.jpg",
    "description": "中华一兵，特战狂龙，萧渐离为寻失踪父亲，热血从军，强势崛起，用龙之意志，铸不朽传奇！\r\n军演场上，绝境逆转；兵王大赛，勇夺桂冠；万军丛中，单枪猎帅；危急时刻，血战群雄，在万千任务中成就龙之威名！\r\n龙有逆鳞，触之必死！军人尊严，不容亵渎！犯我中华者，虽远必诛！",
    "sourceUrl": "/source/ts_3c9d56e2edbe4620b05d17fd5bcb634f_4",
    "readCount": "1万",
    "showTotalCount": "230.1万"
  }, {
    "author": "菜大鸟",
    "category": "都市",
    "title": "下班别走",
    "iconUrl": "https://easyreadfs.nosdn.127.net/GzP1lAOtpygTepMcKB9vYA==/8796093022589657615",
    "description": "那天晚上，领导让我下班后别走，到她办公室里聊聊。办公室只剩下了我们，领导站起来走到我跟前，突然停电了！\r\n她说：“试衣间神马的简直弱爆了，我给你说下我的故事吧，那得从办公室的桌子上说起……”",
    "sourceUrl": "/source/ts_ab784277dd7b4148847bd038841c1a69_4",
    "readCount": "3.3万",
    "showTotalCount": "472.3万"
  }, {
    "author": "权掌天下",
    "category": "都市",
    "title": "修真狂少",
    "iconUrl": "https://easyreadfs.nosdn.127.net/DWWLspOmICsDGe7Pwj_H2A==/8796093022783371909",
    "description": "叶谦，一个被家族遗弃的傻子，受尽同学欺凌，世间白眼。不想一朝觉醒，融合了前世九界第一仙人的记忆，从此，收仙界花主，踢人间二代，扶摇直上，龙腾九天。且看一个傻子，如何玩转校园，纵横都市，主宰浮沉！",
    "sourceUrl": "/source/ts_e2317a3b0b944562991f24079aa0ae18_4",
    "readCount": "3.9万",
    "showTotalCount": "470.1万"
  }, {
    "author": "黑夜不寂寞",
    "category": "都市",
    "title": "女总裁的贴身兵王",
    "iconUrl": "https://easyreadfs.nosdn.127.net/gWfoDABq2CaAxL53huIfqA==/8796093023386974874",
    "description": "帮美女解决麻烦，可帮来帮去，最后她们都成了自己的麻烦。\r\n\r\n他是华夏超级兵王，更是让所有势力恐惧的“战龙”老大。身边聚集了女神级美女老婆、暴力警花、熟美的办公室主任、淡雅的大学导师、清纯的小秘书，冷艳的黑道美女等一系列的各色极品美女。\r\n\r\n最要命的是每一个女人的身上都带着一堆甩不掉的麻烦。\r\n\r\n本书Q群：235813274，欢迎朋友们加入！",
    "sourceUrl": "/source/bd_5c7accdb51a040d88b9b48cfb3a0c0a0_4",
    "readCount": "1.9万",
    "showTotalCount": "200.1万"
  },{
    "author": "道门老九",
    "category": "悬疑",
    "title": "我当摸金校尉的那些年",
    "iconUrl": "https://easyreadfs.nosdn.127.net/_0iwGjE2Q5z0Fm6CsdRNCQ==/8796093024387842903",
    "description": "（老九的微信公众号：道门老九，有独家摸金校尉番外故事+完美结局。）\n世人只知有盗墓，却不知盗墓这一行中的高手，被称之为：摸金校尉！\n摸金一脉源远流长，最早可以追溯到三国时期。\n据说每个摸金校尉下墓前，都会佩戴一枚摸金符，用来防止棺材里的粽子诈尸。\n而我，恰好就有这么一枚摸金符。\n摸金符在手，天下诸墓，畅行无阻！",
    "sourceUrl": "/source/30d98e7a3e7d4c31b3ee428636417fa0_4",
    "readCount": "3.9万",
    "showTotalCount": "470.1万"
  }, {
    "author": "张君宝",
    "category": "都市",
    "title": "少年拳圣",
    "iconUrl": "https://easyreadfs.nosdn.127.net/XlxcHVQpWy_MtkxMQrtz8A==/8796093022394004584",
    "description": "<p>少年壮志的廖学兵是中海大学的一名普通学生，偶然的机会他救下了被小混混骚扰的美女啤酒促销员徐贞妍，无意中得罪了赫赫有名的盛元武馆，从此人生掀开了新的篇章。</p><p>隐藏在世俗社会后的武道世界丛林法则盛行，初生牛犊的廖学兵没有害怕，凭借着乐观的精神、不屈的灵魂，一路披荆斩棘，面对世家公子、黑道大鳄、武道巨擘、异国高手组成的强大对手，毅然向五年一度的武道大赛的王冠——少年拳圣发起了冲击。</p><p>人生注定波澜壮阔的廖学兵，武道之路走得很艰难，却也很香艳，一路陪伴他的有邻家小妹、黑道女杰、豪门小姐、香艳女明星，他到底凭什么让环肥燕瘦的她们心甘情愿的陪伴，这是一个谜……</p>",
    "sourceUrl": "/source/0e02f54bd9424482babc7e9f30e6bc59_4",
    "readCount": "3.1万",
    "showTotalCount": "470.13万"
  }, {
    "author": "银宝",
    "category": "都市",
    "title": "一号兵王",
    "iconUrl": "https://easyreadfs.nosdn.127.net/LqGs7HEQ8NwSqH1ZnDA6Ag==/8796093022535923868",
    "description": "<p>最强代号”一号兵王“的国之利刃——陈风，突然沦为了仓库搬运工，这其中到底藏着怎样的秘密？</p>",
    "sourceUrl": "/source/bc294d5bf21448ae8397cb196fc61066_4",
    "readCount": "3.6万",
    "showTotalCount": "460.1万"
  }, {
    "author": "马小虎",
    "category": "都市",
    "title": "我在夜店当保安",
    "iconUrl": "https://easyreadfs.nosdn.127.net/3uVYgQ4qgc55lom5xQZ_6w==/8796093023731875896",
    "description": "<p>我从来都没想过，我会走到夜店！并且入了这一行！</p>",
    "sourceUrl": "/source/7bcad62da48c480c96ff2cd74d80cf58_4",
    "readCount": "2.9万",
    "showTotalCount": "170.1万"
  }, {
    "author": "十年笑",
    "category": "都市",
    "title": "最强刀锋",
    "iconUrl": "https://easyreadfs.nosdn.127.net/_mZE-NZg1ORa99o75nsjHw==/8796093022690755872",
    "description": "<p>有着大好前途的兵王突然宣布退役，这其中藏着怎样的隐情？回归都市，曾经的最强兵王又将掀起怎样的一番风雨？</p>",
    "sourceUrl": "/source/20022043090841ad95cfb635da2833cf_4",
    "readCount": "3.2万",
    "showTotalCount": "474.1万"
  }, {
    "author": "古栋",
    "category": "玄幻",
    "title": "丹师剑宗",
    "iconUrl": "https://easyreadfs.nosdn.127.net/2s8ej4bV-K3nyMAOH75Wiw==/8796093022545840289",
    "description": "<p>【台湾畅销排行榜排名前6的精品大作】</p><p></p><p>热血青年手握猥琐剑法，炼丹副业威名赫赫，坐拥后宫佳丽三千，发誓成为史上最变态强暴的丹师剑宗。</p>",
    "sourceUrl": "/source/b5312a04e46e46b98eddedaacc39f4cf_4",
    "readCount": "5.9万",
    "showTotalCount": "390.1万"
  }, {
    "author": "三清山",
    "category": "都市",
    "title": "绝品兵痞",
    "iconUrl": "https://easyreadfs.nosdn.127.net/zr0T6lIDmOk4KmpwWUXqWg==/8796093022585601315",
    "description": "<p>老兵油子退役，本想做个平凡人，怎想到一个深夜醉酒敲错了门的美女，却让老兵油子的生活变得惊心动魄，惹来众多美女投怀送抱。</p>",
    "sourceUrl": "/source/6f1183426df04982bead43a467376640_4",
    "readCount": "3.9万",
    "showTotalCount": "450.1万"
  }]
}
