{
  "data": [{
    "author": "金错刀",
    "category": "管理学",
    "title": "爆品战略：39个超级爆品案例的故事、逻辑与方法",
    "iconUrl": "https://easyreadfs.nosdn.127.net/GqWFujwDL7OBJ2LwNFmL-w==/8796093024278662823",
    "description": "爆品是一种极端的意志力，是一种信仰，是整个企业运转的灵魂！\r\n\r\n爆品正成为这个时代的商业法则；做爆品则是每家企业都要面临的生死抉择。\r\n\r\n爆品专家金错刀梳理了自福特T型车以来，全球100多年的爆品发展史，总结出苹果、腾讯、小米等39个超级爆品背后一套经过实践检验的系统性方法——爆品研发“金三角法则”。\r\n\r\n除此之外，金错刀更进一步指出打造爆品首先是一种信念，一种精神信仰，其次是围绕爆品进行的企业架构重组和企业文化重建，最终才能将企业打造成源源不断产生超级爆品的平台。\r\n\r\n在这本颠覆性著作中，金错刀剖析了打造爆品的有效策略和常见陷阱，指明了传统工业时代爆品和互联网时代爆品的本质区别：\r\n\r\n一个是基于渠道利益分配的产物，一个是基于用户需求的流量导入；为众多传统企业转型提供了可靠的路径和参考。\r\n\r\n翻开本书，了解39个超级爆品案例的故事、逻辑与方法。",
    "sourceUrl": "/source/61e9e754fc454f3c810f86cace574ba7_4",
    "readCount": "4.9万",
    "showTotalCount": "300.1万"
  }, {
    "author": "胡辛束",
    "category": "散文随笔",
    "title": "我想要两颗西柚",
    "iconUrl": "https://easyreadfs.nosdn.127.net/nokfbAVOKkoJkKK6WknVhQ==/8796093024386855535",
    "description": "《我想要两颗西柚》中，11个听来的真实故事，或给你意外惊喜，或让你感叹万千，或对你脉脉含情，或使你瞠目结舌。\r\n\r\n世界之大，人生种种，我们不曾想到的，别人正在经历。\r\n\r\n而45篇对爱与被爱的奇思幻想，少女变幻莫测的情绪用温暖诗意的文字演绎，像找到同伴，以共鸣疗愈。",
    "sourceUrl": "/source/81afce6e4f30418991b7f4d16e22054b_4",
    "readCount": "4.9万",
    "showTotalCount": "403.1万"
  }, {
    "author": "【英】宝拉·霍金斯,胡绯",
    "category": "外国小说",
    "title": "火车上的女孩",
    "iconUrl": "https://easyreadfs.nosdn.127.net/yoGn2Bv-1wk9GnM0D0nSng==/8796093024480269816",
    "description": "早上8：04—傍晚17：56 ，日复一日 瑞秋每天早晚在固定时间搭乘通勤火车上下班。 她熟知火车会在同一盏信号灯前停留，让她得以透过车窗，窥见路旁15号住户的后院。\n\n她对这户人家的生活渐渐痴迷，甚至给男女主人分别取了名字：“杰丝”和“杰森”。 在瑞秋的想象中，他们是一对情投意合的璧人，恩爱甜蜜的夫妻。 她无比艳羡，又满怀妒意。 \n\n直到有一天 瑞秋从车窗里看到了15号住户异常的一幕。 一分钟后，火车重新启动，但三个人的命运从此改变。 过去她只能从车窗后窥视陌生人的生活，而此刻，她与他们，开始有了紧密的交集。 瑞秋不再甘心只当一个搭火车经过的路人……",
    "sourceUrl": "/source/3d66a8d93cd24f95a3c3cbc5ff9e4162_4",
    "readCount": "3.9万",
    "showTotalCount": "320.1万"
  }, {
    "author": "龙在宇",
    "category": "职场商战",
    "title": "《掌舵》三部曲",
    "iconUrl": "https://easyreadfs.nosdn.127.net/WZmLKAhKmWA55_CxlQF-fw==/8796093023950374926",
    "description": "人到中年的杜林祥，事业看不出任何转机，他是如何抓住稍纵即逝的偶然机会，大踏步走上了成功之路？\r\n\r\n在事业发展的上升期，杜林祥又怎样凭借过人的智慧，多方运作，苦心经营，拓展重要的人脉资源，并利用这些人脉做大事业、搞定对手，上演了一幕幕惊心动魄的高手对决？\r\n\r\n几次对决险中取胜后，杜林祥迎来了一生中最凶险的巅峰对决。\r\n\r\n面对实力和背景远在自己之上的对手，面对对手明枪暗箭无所不用的手段和精心布局的圈套，杜林祥又能否涉险过关？\r\n\r\n《掌舵》是一部让你在政商圈子走向成功的实操小说。\r\n\r\n无论是公务员，还是商界人士，都能从这部小说中获得打理政商关系的智慧，领悟高超的领导艺术和博弈技巧。",
    "sourceUrl": "/source/14ecf2ff1b4f4b73bdf7682c873c2e98_4",
    "readCount": "3.9万",
    "showTotalCount": "240.1万"
  }, {
    "author": "【英】理查德·怀斯曼",
    "category": "心理学",
    "title": "一本正经又怪诞的行为心理学",
    "iconUrl": "https://easyreadfs.nosdn.127.net/x21Mb4aczghmsjwgMhryPQ==/8796093024308740681",
    "description": "很多人之所以对心理自助类的技巧感兴趣，是因为它们能提供解决人生各种难题的简单快速的方法。遗憾的是，绝大多数心理学研究都无法解决这些难题，或者只能提供极为耗时与复杂的方法。所以我想，在众多心理学研究中，是否隐藏着既经过了科学论证，又简单便捷、能帮人们解决生活中各种问题的方法呢？\r\n\r\n我一直在心理学的浩瀚海洋里搜寻，终于，一种充满希望的新模式出现了。我将数以百计的研究收集起来，它们涉及行为心理学的各种细分领域，从如何调节情绪到增强记忆，从如何说服他人到克服拖延，从如何保持愉快的心情到维持长久的恋爱关系……\r\n\r\n这些内容构成了一门能够快速改变生活的全新科学。在这本书里，相信你能找到自己所需的某个答案。\r\n                                       ——理查德·怀斯曼",
    "sourceUrl": "/source/2eeaf9c865db4b0a8ab294a151f6dee6_4",
    "readCount": "3.9万",
    "showTotalCount": "204.1万"
  }, {
    "author": "韩国辉（著）;左小祖咒（绘）",
    "category": "散文随笔",
    "title": "别生气，我又不是在说你",
    "iconUrl": "https://easyreadfs.nosdn.127.net/FmjtPigM_QaPrAyaAOXGlA==/8796093023925478777",
    "description": "《别生气，我又不是在说你》每个人的观点中总有偏见的部分，能够流传开的偏见常常集合了听者的认同，时间久了就成了顽固不化的标签。了解这个世界的方式有很多种，韩国辉选择了旅行。人生，于许多人而言，是场鏖战，于他而言，却是一场有趣的游戏，一次有趣的旅行。\r\n这是他的一部诚意之作，记录了他走过的路，去过的城市，见过的人，有趣的事。伦敦的慢、牛津的远、巴黎的挤、北京的好、上海的洋、东京的泪、曼谷的笑……他打破关于城市和国家的一个个谣言，嬉笑怒骂间，戳破世界的假面给你看。\r\n在他看来，生活就像一次漫长的“出走”，也没有所谓的标准答案。每个人都有自己头上的北斗和脚下的道路。保持对世界好奇心和偏见，才是对待生活的正确打开方式。",
    "sourceUrl": "/source/2d049eeea3404abb924279dbeb2ae4a8_4",
    "readCount": "3.9万",
    "showTotalCount": "213.1万"
  }, {
    "author": "周小肉",
    "category": "动漫绘本",
    "title": "嗨，这个有情有肉的世界",
    "iconUrl": "https://easyreadfs.nosdn.127.net/9Xizi7GD-Z6VzYXBN4qGjA==/8796093023899056768",
    "description": "全书为“一页一画一言”的形式，共分五个板块：致艺、致典、致静、致爱、致胃。\r\n\r\n作者以幽默的现代哲思对传统的中外名画、典籍故事进行了趣味重构，又用天真的笔触描绘出日常生活中的点滴美好与时光深处的温暖记忆，脑洞大开，视角独特，观察细致入微，笑点拳拳到肉。",
    "sourceUrl": "/source/38fac0a9337f40d8a3009259f322fba8_4",
    "readCount": "3.9万",
    "showTotalCount": "120.1万"
  }, {
    "author": "【南斯拉夫】丹尼洛·契斯",
    "category": "悬疑推理",
    "title": "契斯三部曲（共三册）",
    "iconUrl": "https://easyreadfs.nosdn.127.net/ZAW86zzvfTFfx-1k_tNEaA==/8796093024326168034",
    "description": "本系列包括《死亡百科全书》《栗树街的回忆》《达维多维奇之墓》三本书。",
    "sourceUrl": "/source/67b1a0aac8b84b9c8e6e8fc66256ce82_4",
    "readCount": "3.9万",
    "showTotalCount": "312.1万"
  }, {
    "author": "【美】杰西·安德鲁斯",
    "category": "影视小说",
    "title": "我和厄尔以及将死的女孩",
    "iconUrl": "https://easyreadfs.nosdn.127.net/nYryZA48zq2EOlLLYkENeQ==/8796093023922899389",
    "description": "高中生格雷格，十七岁，性格善良却有点孤僻。生活准则是低调行事，不交朋友，也绝不在学校惹麻烦。他的爱好是与死党厄尔一起拍摄短片，改编他们喜爱的经典电影，梦想有一天拍摄出属于他们的伟大电影。\r\n\r\n有一天，格雷格重遇儿时好友瑞秋，却不想此时的她已经身患白血病，瑞秋的乐观开朗感染了格雷格，也改变了他原有的世界。生活开始有了欢笑和期待，当然也伴随着眼泪。然而，瑞秋的病情开始加重，格雷格才意识到自己必须要为瑞秋做些什么，以陪伴她度过人生最后的时光。",
    "sourceUrl": "/source/d389c432ef1e4ebcbf0b6a3a1b8a6cf6_4",
    "readCount": "3.9万",
    "showTotalCount": "602.1万"
  }, {
    "author": "王大根",
    "category": "青春文学",
    "title": "我必须恋爱的理由",
    "iconUrl": "https://easyreadfs.nosdn.127.net/CSYM44DWamc3dpfT2il_0A==/8796093022730668887",
    "description": "豆瓣红人王大根首部作品集《我必须恋爱的理由》，以戏谑的方式，演绎了我们绝大多数人的青春。书里那些尖锐的语句，就像尖刀刺向读者的心脏。\r\n本书是由七个短篇和一个长篇组成的校园故事，讲述了真正的平凡少女的青春：精心修饰后也漂亮不起来的脸、万般努力也减不下去的体重、每到考前临时抱佛脚的学业、制造了无数场邂逅也没有爱上自己的美少年。他们是青春片里未曾成为主角的那群人，他们是青春小说里未曾遭遇任何浪漫桥段的那群人，他们是……我和你。",
    "sourceUrl": "/source/e9525312bd854d6f80c1f8399f35ff50_4",
    "readCount": "3.9万",
    "showTotalCount": "330.1万"
  }, {
    "author": "【美】宝拉·里佐",
    "category": "职场进修",
    "title": "为什么精英都是清单控",
    "iconUrl": "https://easyreadfs.nosdn.127.net/8WdKtFm3GJ_7RwZcgiD87w==/8796093024488262075",
    "description": "为何有些人事情不多，却手忙脚乱? 而有人身兼数职，仍从容不迫，还可放空休息? 原来，精英都习惯用——“清单式思考”。\r\n\r\n麦当娜、玛莎•斯图尔特、约翰•列侬、富兰克林、里根、达•芬奇、爱迪生和奥普拉，这些不同时代、不同领域的成功人士有何共同点？答案是：他们都是“清单控”。他们习惯把该做、想做的事，变成可快速浏览、方便执行的“清单”。\r\n\r\n我们只要将目标写下来，便成为一种应负的责任，帮助我们完成想做的事。“清单控”之所以比别人顺遂，是因为光是“列清单”这个动作，就能发挥强大效应：立刻减轻焦虑、快速建立成就感；备忘，重点不遗漏；专注大局，忽略枝节，复杂任务简化处理；重要的事自动完成，日子愈过愈惬意。\r\n\r\n“清单化”的威力在于，它不是时间管理工具，而是一套精巧的目标导向做事习惯。一个目标、一张清单，目标不论大小都行，工作与生活都适用。",
    "sourceUrl": "/source/9877b668dc9845eb8c9d6b69c65356ff_4",
    "readCount": "3.2万",
    "showTotalCount": "220.1万"
  }, {
    "author": "【日】谷崎润一郎",
    "category": "言情小说",
    "title": "春琴抄",
    "iconUrl": "https://easyreadfs.nosdn.127.net/3pW5CgS4L31e2O4n21--6A==/8796093024135459793",
    "description": "《春琴抄》描写了一个富家盲女与仆人凄美而又惊心动魄的情爱故事。\r\n\r\n仆人出身的佐助尽管身心都受到孤傲乖僻的盲女琴师春琴的折磨，却依然对她忠贞不二。在春琴被毁容之后，佐助为了在记忆里永驻她美艳的姿容，竟用针刺瞎了自己的双眼……在大师笔下，一个哀婉凄清的美感世界徐徐展开。\r\n\r\n本书精选了谷崎润一郎创作盛期（中后期）的代表作《春琴抄》 《刈芦》 《吉野葛》。字里行间充分表现了日本文学的物哀之美、幽玄之美、女性之美。",
    "sourceUrl": "/source/3ffce6ec703340b3876c9821173bbf59_4",
    "readCount": "1.9万",
    "showTotalCount": "550.1万"
  }, {
    "author": "【美】 杰克·纳普,【美】约翰·泽拉茨基,【美】布拉登·科维茨",
    "category": "管理学",
    "title": "设计冲刺：谷歌风投如何5天完成产品迭代",
    "iconUrl": "https://easyreadfs.nosdn.127.net/WPh-7BgFXWE4OUdjkyX_kg==/8796093023913127675",
    "description": "《设计冲刺》一书高明之处在于为初创公司和大型企业提供了检测创意的公式，它快速分解了解决商业难题的步骤，并为团队在产品、服务、用户体验设计等方面遇到的种种挑战提供了一套高效实用的方法，是所有企业家的必读之作。\r\n\r\n本书围绕运用设计冲刺的五天展开，充满细节建议和实战总结。它将带领读者进入当今最杰出的公司的幕后，直击它们是如何用设计冲刺来解决各种各样的商业难题：从优化产品到制定营销策略，从为公司命名到评估新商机的可行性。无论是初创公司，还是福布斯100强，设计冲刺都能帮助你快速取得进展，并且非常确定你走的是正确方向。\r\n\r\n谷歌风投团队首次现身著述，雄踞《纽约时报》《华尔街日报》、亚马逊书店三大畅销榜榜首！",
    "sourceUrl": "/source/acc80b59591d477689e79869d9f739ce_4",
    "readCount": "0.9万",
    "showTotalCount": "370.1万"
  }]
}
