{
  "data": [{
    "author": "醉夜偶艳",
    "category": "都市",
    "title": "合租美女",
    "iconUrl": "https://easyreadfs.nosdn.127.net/Mr16vLl8T3s8HBigR6NB1g==/7916627756010472532?param=200x0&type=1.jpg",
    "description": "一场车祸，主角陈致远邂逅五个女人，机缘巧合之下，陈致远竟然住进了五女的合租公寓。",
    "sourceUrl": "/source/bd_0abf9579ed654cfba44a2d9b70182089_4",
    "readCount": "5.9万",
    "showTotalCount": "790.1万"
  }, {
    "author": "六六惊蛰",
    "category": "都市",
    "title": "重生之都市邪仙",
    "iconUrl": "https://easyreadfs.nosdn.127.net/NkU7oAuUfPSa4nMcMfbjFg==/8796093024233862381?param=200x0&type=1.jpg",
    "description": "一代仙修陈遇遭逢无耻背叛，身陨道消，却意外重生回到一千年前的高中时代。\n回首千年，再世为仙，情仇不负，恩怨算清，且看他如何一步一步，返回曾经的巅峰！\n两脚踢翻尘世路，一肩担尽古今愁，多少美好不放手，多少恩怨不罢休！",
    "sourceUrl": "/source/bd_32b1b93a9f68476189359bb89bedb553_4",
    "readCount": "3.9万",
    "showTotalCount": "470.1万"
  }, {
    "author": "我本纯洁",
    "category": "玄幻",
    "title": "第一战神",
    "iconUrl": "https://easyreadfs.nosdn.127.net/yOz42lgeepDQRmlrQFb6-Q==/8796093024507426326",
    "description": "杨武因拒了王室婚姻，被囚禁入狱，成为一名狱奴，在狱中获得神犬之助，重新袭逆人生，摆脱狱奴身份……杨武从山狱出来，进入镇蛮军的死亡军团，再度遇上更加凶险的磨难……如果这天压我，我便劈开这天，如果这地阻我，我便踏碎这地！——少年战神杨武。",
    "sourceUrl": "/source/ts_d736e7bfe4e84326875d91e2d893840f_4",
    "readCount": "5.4万",
    "showTotalCount": "990.1万"
  }, {
    "author": "纸上飞雪",
    "category": "都市",
    "title": "重生之赚它一个亿",
    "iconUrl": "https://easyreadfs.nosdn.127.net/dP4RTDMRqb6CYQRvZ2u2yA==/8796093024505641517?param=200x0&type=1.jpg",
    "description": "一不小心回到了2005年。\r\n这个年代房价不高，互联网不发达，城市建设落后。\r\n许阳带着十多年后的记忆回去，炒房炒股，写词卖歌。\r\n一不小心还当了非主流鼻祖。\r\n这是一段青春岁月，曾经的遗憾，就让这一世来弥补。\r\n一杯敬前世，一杯敬今生。",
    "sourceUrl": "/source/bd_1a5b66b3e50744e8b91b03de47a654ac_4",
    "readCount": "5.9万",
    "showTotalCount": "890.1万"
  }, {
    "author": "御用一品",
    "category": "都市",
    "title": "神龙兵王",
    "iconUrl": "https://easyreadfs.nosdn.127.net/DC0C-RRR0qoY-TZ8ufpZSA==/8796093024505709165?param=200x0&type=1.jpg",
    "description": "想玩暧昧，兵王太累。\r\n暗杀任务？不接！\r\n保镖任务？太累！\r\n什。。什么？谈恋爱的任务？等等，这个可以有。\r\n更新时间：早晨11点，下午3点，下午5点各一更，每天保底三更，不定时也会加更。",
    "sourceUrl": "/source/bd_4d951306fdfd470bbdbcde42d19e6c12_4",
    "readCount": "1.9万",
    "showTotalCount": "390.1万"
  }, {
    "author": "纯良有欲",
    "category": "都市",
    "title": "绝品小神农",
    "iconUrl": "https://easyreadfs.nosdn.127.net/t9_xEL49FIdalNYRKcbJlQ==/8796093024507346573",
    "description": "乡村少年唐亦凡偶获神奇技能，烹制美食、治病救人、鉴宝识物、催生动植物等能力一一开发，财色汹涌而来。管她是什么花，哥的名言就是：我喜欢，我采摘！",
    "sourceUrl": "/source/ts_49f5a90658c24e34b805b4af37eeac79_4",
    "readCount": "5.2万",
    "showTotalCount": "793.1万"
  }]
}
