{
  "data": [{
    "author": "江小鱼",
    "category": "校园",
    "title": "既见君子，何必矜持",
    "iconUrl": "https://easyreadfs.nosdn.127.net/eyUcbYR8iAGOQtyLBhpZhw==/8796093023325170646",
    "description": "辛云第一次见到季川的时候，他只是个普通大学生，笑起来清风怡人的模样。\r\n\r\n辛云再次见到季川的时候，他们是邻居，他来她家里蹭饭吃，还会打滚卖萌求包养。\r\n\r\n辛云望着身畔安静得很动人的季川，觉得岁月这般静好也不错。\r\n\r\n她说：“我养你啊。”\r\n\r\n季川就这样甘之如饴的被辛云养着，直到有一天，辛云连珠炮一般的问他：\r\n\r\n“你不是个老师吗？为什么你还有公司可以上市？季家小少爷又是谁？你到底是什么人啊？”\r\n\r\n季少爷揽了他的主人在怀，他说：“这些都不重要，重要的是，你圈养了我，就要对我负责。”\r\n\r\nLove me forever or never一生只爱一个人",
    "sourceUrl": "/source/bd_0dbe52dc88834595b4fc65cce092248a_4",
    "readCount": "2.4万",
    "showTotalCount": "630.1万"
  }, {
    "author": "蓝华月",
    "category": "古言",
    "title": "绝色毒医王妃",
    "iconUrl": "https://easyreadfs.nosdn.127.net/1ir_vUGZAv1laOxiAalJtQ==/8796093024465611630?param=200x0&type=1.jpg",
    "description": "穿越而来，她自带防毒雷达。\r\n哔哔——啥？姨娘凶狠，外加蛇蝎庶妹？ \r\n哔哔——呀！包办婚姻，老公还看不上她？\r\n没关系，凭她超高智商，灭杀渣渣只在转瞬之间。绝色容颜，吸引狂蜂浪蝶无数，人气爆棚，神马皇帝亲王，都是裙下之臣。\r\n“你是我的女人！”凭啥？有发票么？有信誉卡么？\r\n“你肚子里的娃，是我的。”靠！居然被人先斩后奏，扛进了皇宫。 \r\n 说好的翻手为云呢？说好的覆手为雨呢？都给本妃还回来！",
    "sourceUrl": "/source/bd_6e6717d3bfff49e09dbfc22902b6d941_4",
    "readCount": "6.9万",
    "showTotalCount": "740.1万"
  }, {
    "author": "慕容飒",
    "category": "穿越",
    "title": "重生嫡妃：农女有点田",
    "iconUrl": "https://easyreadfs.nosdn.127.net/K_-7H2n3uaC1uIlgyN5Irg==/8796093024240963649",
    "description": "她本是将军府的嫡女，是从小由太后养大的朝阳郡主。\r\n\r\n皇帝指婚，将她许配给名扬天下的第一公子。却不料……竟在婚期的三天前死亡。\r\n\r\n再次睁开眼睛，她变成了家徒四壁的小农女。\r\n\r\n美丽的容貌，妖娆的身材，高强的武功，这些都成了昨日烟花。那摇摇欲坠的小茅屋才是现实。\r\n\r\n一家子寡妇和幼童，那一张张面黄肌瘦的脸，让她冰冷的心软化了。\r\n\r\n好吧！就算要回去复仇，她也要先填满这一家子的肚子。\r\n\r\n再后来，她毅然决定嫁给村里那个平凡男人，不曾想憨厚竟是他的假相，平凡是他的面具。\r\n\r\n某一日，那憨厚平凡的小小农夫摇身一变，竟变出一个吊炸天的身份。",
    "sourceUrl": "/source/bd_a8755011eacc47149186f954fe5208b5_4",
    "readCount": "4.9万",
    "showTotalCount": "950.1万"
  }, {
    "author": "紫琼",
    "category": "现言",
    "title": "替嫁婚宠：霸道老公深度爱",
    "iconUrl": "https://easyreadfs.nosdn.127.net/AzoiXGzro6v1HhTEuWpGbg==/8796093024471419850",
    "description": "被姐姐逼迫，替嫁给未来姐夫。\r\n\r\n他是禹城商界的神话，杀伐果断，冷傲尊贵。\r\n\r\n替嫁暴露，他震怒，强抓着她演戏抵罪。\r\n\r\n她只是配合他人前演戏啊，可人后的他为何也抱着她……\r\n\r\n“霍先生，某种情况我们属同类，有些戏演过分了。”\r\n\r\n“夫妻套餐，不过分。” \r\n翌日，她裹着被子，羞恼地质问：“霍翌铭，你到底喜欢男人还是女人？”",
    "sourceUrl": "/source/bd_f95100f9fd2b4f3e9901f915f96345a7_4",
    "readCount": "5.9万",
    "showTotalCount": "750.1万"
  }, {
    "author": "枫林静晚",
    "category": "穿越",
    "title": "农门辣女，山里汉子求休战",
    "iconUrl": "https://easyreadfs.nosdn.127.net/rGcMnPgUPWOKLR2GqJ9ooA==/8796093023949342567?param=200x0&type=1.jpg",
    "description": "收拾收拾极品种种地，逗逗竹马欺负欺负老娘，这日子过的有滋有味，只是什么时候她的小竹马竟然有了那样的身世，什么摇身一变就成了大将军？哎哟，天皇老子，您这是搞毛呢？",
    "sourceUrl": "/source/ts_981997957c804215ab626abff52058a1_4",
    "readCount": "5.9万",
    "showTotalCount": "730.1万"
  }, {
    "author": "阮佳",
    "category": "现言",
    "title": "慕少的秘宠甜妻",
    "iconUrl": "https://easyreadfs.nosdn.127.net/WqnrFEjCuGaVNApJKqsr8Q==/8796093024424898611",
    "description": "被未婚夫和闺蜜联手背叛，沈微被注射了脑死，残忍的被挖去了子宫和心脏，不甘就此死去，竟重生到了桐城慕氏集团慕南深的妻子身上。慕南深其人，冷硬狠辣，人称铁面冷神。等等，说的是她眼前的这个人吗？自从吃到她以后，某人开启了狂撩狂宠模式。她打架，他递板砖，她跟人吵架，他请了一众律师团加油助威！沈微从来没有见过一个人可以这样坦率直白的表达爱意。矜贵高冷的慕先生堵死了沈小姐的唯一的去处，“怪你过分美腻，睡到日上三竿还想睡！”",
    "sourceUrl": "/source/ts_ac174b3eab3141e797974c7c66c24893_4",
    "readCount": "5.9万",
    "showTotalCount": "753.1万"
  }]
}
