{
    "man": [{
      "bookStatus": 0,
      "author": "大红大紫",
      "category": "都市",
      "title": "都市之最强狂兵",
      "cmReadBook": false,
      "description": "国之重器，猛虎出笼！亦正亦邪的他注定有着无法平淡的命运！身负枷锁执掌生杀命轮！他身立潮头一生高唱大风！\r\n只装最牛的逼，只踩最狠的人！他一生辉煌，彪悍铸就，舞练长空！！！\r\n大红大紫出品必属精品，有多本完本经验，请放心阅读！！！",
      "readCount": "29.4万",
      "iconUrl": "https://easyreadfs.nosdn.127.net/sJjtyAEG82BGp4UIaUVbjA==/8796093024476681623",
      "payType": 1,
      "sourceUrl": "/source/bd_7c778c929b8e468281e643953b849277_4",
      "createBy": 1,
      "free4LimitedTime": false,
      "showTotalCount": "569.5万",
      "read":"49289阅点"
    }, {
      "bookStatus": 0,
      "author": "黑色枷锁",
      "category": "都市",
      "title": "我的老千生涯",
      "cmReadBook": false,
      "description": "你可以不混社会，但你要懂社会！\r\n\r\n钻石票1000加更。\r\n我的QQ：1951057877\r\n微信：heisejiasuo",
      "readCount": "31.9万",
      "iconUrl": "https://easyreadfs.nosdn.127.net/xNNP3vCEHYU5sdgz-E0QvA==/8796093023187099637?param=200x0&type=1.jpg",
      "payType": 1,
      "sourceUrl": "/source/bd_127d894762e64a82b7154038ad702e65_4",
      "createBy": 1,
      "free4LimitedTime": false,
      "showTotalCount": "881.6万",
      "read":"49349阅点"
    }, {
      "bookStatus": 0,
      "author": "金元宝本尊",
      "category": "都市",
      "title": "捡漏",
      "cmReadBook": false,
      "description": "　　一眼百年，重生都市。\r\n盛世华章，古董收藏。\r\n秦碑周彝，金石字画。\r\n青铜青花，翡翠美玉。\r\n天下奇珍，尽在我手。\r\n 重生归来的金锋在现代都市，凭借神乎其技的鉴宝本领，一步步走向巅峰。\r\n    发扬民族最传统的文化，传承千年最完整的文明。",
      "readCount": "55.7万",
      "iconUrl": "https://easyreadfs.nosdn.127.net/KC_bpt-XVm6czpIdA_HZIQ==/8796093024234374363?param=200x0&type=1.jpg",
      "payType": 1,
      "sourceUrl": "/source/bd_41cccdb3f7324293b127e1c6d458ebc8_4",
      "createBy": 1,
      "free4LimitedTime": false,
      "showTotalCount": "498.5万",
      "read":"38742阅点"
    },   {
      "bookStatus": 0,
      "author": "南无袈裟理科佛",
      "category": "悬疑",
      "title": "民国奇人",
      "cmReadBook": false,
      "description": "民国风云变幻，奇人纷呈辈出。大乱之世，江湖浩荡，正所谓“天下风云出我辈，民国奇人北斗来”，这七个，乃何人也？有个道士，高呼“盛世佛门香火旺，道士修行深山藏；乱世菩萨不开眼，老君背剑救沧桑”，单人一剑一支笔，斩断人间不平事。有个和尚，木鱼铜镜，大腹便便，说道：“阿弥陀佛，楼上尼玛的说啥呢？”有个船夫，摆渡人间幽暝客。有个大拿，整合天下旁门左道，欲成就三百年来第一等的大业，搞点事情。有个蛊师，傲立苗疆无人敌。有个风度翩翩的圆脸少年郎，纵身花丛，对人曰：“少年倘若不骄狂，白来世间走一场。”最后的最后，还有个小木匠。此上七人，正所谓点题之纲要，民国奇人也。",
      "readCount": "9.5万",
      "iconUrl": "https://easyreadfs.nosdn.127.net/aMxrwar82k5xrP_6lmU5YQ==/8796093024470011499",
      "payType": 1,
      "sourceUrl": "/source/ca1d2663e1a1467f8e4bd97b57c589d1_4",
      "createBy": 1,
      "free4LimitedTime": false,
      "showTotalCount": "29.9万",
      "read":"3531阅点"
    }, {
      "bookStatus": 1,
      "author": "李闲鱼",
      "category": "都市",
      "title": "超品透视",
      "cmReadBook": false,
      "description": "人生逆境里，人不如狗。一遭天开眼，透视人间丑恶，美女绝色！玉棺女尸，神秘青铜宝书，古老合金，这背后隐藏着什么秘密？美国CIA，FA自由特工组织，前路艰难险阻，却难挡我脚步。锦绣前程，美人多娇，我注定要成为这个时代的主角！",
      "readCount": "25.8万",
      "iconUrl": "https://easyreadfs.nosdn.127.net/hz8SYcArzBz4JiYKNGzg2w==/8796093023822909948",
      "payType": 1,
      "sourceUrl": "/source/bd_9f116d9bdd094d5abdde111dbde1f79c_4",
      "createBy": 1,
      "free4LimitedTime": false,
      "showTotalCount": "858万",
      "read":"2884阅点"
    }, {
      "bookStatus": 0,
      "author": "就爱吃海椒",
      "category": "都市",
      "title": "逍遥神医：我的霸道女总裁",
      "cmReadBook": false,
      "description": "上班第一天就和23岁的女老板发生了关系，她发誓要让我跪下唱征服，不择手段要把我拴在身边。\r\n为了挽回一个男人的尊严，我拼了！",
      "readCount": "343万",
      "iconUrl": "https://easyreadfs.nosdn.127.net/rlADb8PF3la8t6uQajRzDg==/8796093023637043053",
      "payType": 1,
      "sourceUrl": "/source/63aa8b1f038944c48d8e3c6b07c255e9_4",
      "createBy": 1,
      "free4LimitedTime": false,
      "showTotalCount": "408.7万",
      "read":"4484阅点"
    }],
  "girl": [{
    "bookStatus": 1,
    "author": "风与自然",
    "category": "穿越",
    "title": "重生霸宠：摄政王爷太凶猛",
    "cmReadBook": false,
    "description": "【已完结】“公主不好了，摄政王将您看了一眼的小书生配给城西屠夫的女儿了！”\n某公主咬牙，“没关系……我还有男宠！”\n“公主不好了！摄政王将您的男宠都卖去勾栏院了！”\n某公主痛心疾首，“没事……我马上嫁人了，还有驸马！”\n“公主不好了！！”\n“怎么，驸马也挂了？！”\n来人惊恐，“驸马爷被锁在了家里，门前十里红妆，身穿喜服来娶你的人，是摄政王！”\n某公主惊呆！乖乖，这日子简直没法过了！\n一句话简介，这是一个倒霉穿越女重生回来抱大腿，养大BOSS却被BOSS吃掉的忧伤故事。\n妥妥的亲妈文！\n本书催更群：336770838 本人新书已经上线，重生女强男强宠文：豪门交易：总裁的99次逼婚",
    "readCount": "6.9万",
    "iconUrl": "https://easyreadfs.nosdn.127.net/d-I8A7SIjR69UC8FN30QOg==/8796093024212874765?param=200x0&type=1.jpg",
    "payType": 1,
    "sourceUrl": "/source/ts_e3fc8a6a7b884b648b9740adb558c978_4",
    "createBy": 1,
    "free4LimitedTime": false,
    "showTotalCount": "201.3万",
    "read":"38320阅点"
  }, {
    "bookStatus": 1,
    "author": "一袖云",
    "category": "现言",
    "title": "情难自控：首席的温柔陷阱",
    "cmReadBook": false,
    "description": "20岁前的顾小悠，为了“渣男”命差点丢了。20岁后她却突然宣布：“我孩子的父亲是厉君寰！”话一出口，整个临城乱了……叔叔？侄女？这样的辈分让两家人成了临城里最大的笑话。可人言背后呢……他宠她入骨，给尽他极致的温柔。却不想她竟亲手雕刻玉蝉，赠与他，是咒他死……而厉君寰却说：“不怕，此生只要有她，我愿倾其所有，她是我恩人，也是我女人……”",
    "readCount": "1.4万",
    "iconUrl": "https://easyreadfs.nosdn.127.net/TEUHmDKMiIzO7smPsXxFtg==/8796093024479150955",
    "payType": 1,
    "sourceUrl": "/source/ts_0eeee853a71a4cebad2c8e769a1d1956_4",
    "createBy": 1,
    "free4LimitedTime": false,
    "showTotalCount": "198.7万",
    "read":"49289阅点"
  }, {
    "bookStatus": 0,
    "author": "汤圆儿",
    "category": "现言",
    "title": "甜婚来袭：腹黑老公坏透了",
    "cmReadBook": false,
    "description": "<p>老婆，跟我回家—</p><p>　　昨天的小助理，转身成了大BOSS，还单膝跪地请她当老婆，这是要吓死她吗？</p><p>　　晚晚一口血，“啊嘞！你不是很穷很屌丝吗？说好的我养你呢？”</p><p>　　他优雅一笑，“你娶我也行，我和儿子跟你回家。”</p><p>小包子神助攻，“妈咪妈咪，快答应！买一送一，限时特惠哦！”</p><p>PS：她不是正八经的姑娘，而是来撩汉的！他也不是正八经的男人，他是来涨姿……知识的！&nbsp;毒舌小丫头PK腹黑大BOSS，除了无休止的斗嘴，只能无休止的扑倒喽。【本文爆笑，高甜，知识库，1对1欢脱到底】</p><p>　　</p>",
    "readCount": "18.2万",
    "iconUrl": "https://easyreadfs.nosdn.127.net/5fOV3PhzSw1jjrmoQ6j86w==/8796093024180711509",
    "payType": 1,
    "sourceUrl": "/source/2f7e36b461f64df095e73f01945275ba_4",
    "createBy": 1,
    "free4LimitedTime": false,
    "showTotalCount": "184.8万",
    "read":"2893阅点"
  }, {
    "bookStatus": 0,
    "author": "路菲汐",
    "category": "穿越",
    "title": "嫡女贵凰：重生毒妃狠绝色",
    "cmReadBook": false,
    "description": "她扶持夫君当上皇帝，但是他登基之日，却将她满门抄斩。\n\n重生五年前，父母尚在，她也尚未出嫁，一切还没有开始，叶慕兮誓要报仇雪恨，挽救前世遗憾。\n\n被人欺压的懦弱小姐，带着五年记忆惊艳变身，护胞弟，踩渣男，步步为营，占尽先机。\n\n只是，怎么一不小心招惹了这个妖孽世子爷？\n她杀人，他放火。她下毒，他灭口。\n\n她要愿得一人心，他就宠她一世一双人。\n\n……\n\n夫妻联手，男强女强，一宠到底。",
    "readCount": "16.7万",
    "iconUrl": "https://easyreadfs.nosdn.127.net/7mBonSrHEaKoKsczUi8XXg==/8796093023199363630?param=200x0&type=1.jpg",
    "payType": 1,
    "sourceUrl": "/source/bd_30dd006f528547f1a18f770e83886567_4",
    "createBy": 1,
    "free4LimitedTime": false,
    "showTotalCount": "424.5万",
    "read":"9289阅点"
  }, {
    "bookStatus": 1,
    "author": "狐尼克",
    "category": "现言",
    "title": "相思入骨情可待",
    "cmReadBook": false,
    "description": "莫烟以为，她跟顾奕辰的婚姻能够维持很久，久到他可以爱上她，却从未想过，一次猝不及防的家族危机，瞬间让他们岌岌可危的婚姻分崩离析。那一日，他旧爱归来，一场毫无疑问的抉择，压垮了她最后的坚持。离婚就离婚，谁还不是小公举了，结果离婚后，却被另一人捧成了真正的公主。厉先生送她花。莫烟说：无事献顾勤非奸即盗。厉先生一本正经道：那你什么时候给我奸一下？莫烟……",
    "readCount": "2.9万",
    "iconUrl": "https://easyreadfs.nosdn.127.net/iIx1EMLIWj1AsCUZcPBEDg==/8796093023949434269?param=200x0&type=1.jpg",
    "payType": 1,
    "sourceUrl": "/source/ts_0f136ee5e9004a7499bb55abfffd15bd_4",
    "createBy": 1,
    "free4LimitedTime": false,
    "showTotalCount": "158.1万",
    "read":"18382阅点"
  }, {
    "bookStatus": 1,
    "author": "步从容",
    "category": "现言",
    "title": "昏婚欲睡",
    "cmReadBook": false,
    "description": "六年前——\r\n她说：“给我一百万，我让你要个够！”\r\n他将她抵在墙壁上：“秦暮楚，我们之间彻底玩完了！”\r\n六年后，再次重逢——\r\n他压她在床，“一百万的交易，该是时候连本带利的讨回来了！”\r\n“可是我已经结婚了！”\r\n对，她结婚已有大半年了！\r\n虽然，她对自己的丈夫一无所知，甚至连姓甚名谁她都不清楚。\r\n她唯一知晓的是，众人在提及那个男人的时候，无不敬之重之。\r\n直到有一天，那个男人如天神般降至她跟前，救她于危难之中，她震惊，不敢置信的瞪着眼前的坏男人。\r\n他一本正经道：“叫声老公来听听。”\r\n她勃然大怒：“我要离婚！！”\r\n他却不以为意，淡淡一笑，“不急，说好的床上三百六十五式，差一式都不离！”\r\n所以她要想离婚，还得陪他把这三百六十五个床上小花招全部试个遍？",
    "readCount": "4.4万",
    "iconUrl": "https://easyreadfs.nosdn.127.net/G_BMUvELaEr768K79dP7pw==/8796093023534848550?param=200x0&type=1.jpg",
    "payType": 1,
    "sourceUrl": "/source/ts_698892382925403c9e76b9d562dd26d8_4",
    "createBy": 1,
    "free4LimitedTime": false,
    "showTotalCount": "325.4万",
    "read":"499阅点"
  }]
}
