{
    "id":"man",
    "top":[ {
    "author": "我自对天笑",
    "category": "都市",
    "title": "绝世高手",
    "cmReadBook": false,
    "description": "雇佣兵王陈扬回归都市，只为保护战友的女神妹妹。繁华都市里，陈扬如鱼得水，逍遥自在。且看一代兵王如何用铁拳和智慧打下一片商业帝国……欲了解四帝更多故事，请微信公众号搜索天道盟。",
    "readCount": "87.8万",
    "iconUrl": "https://easyreadfs.nosdn.127.net/xD6vzAYs8n3BxwcBASBjfQ==/8796093023888881290",
    "sourceUrl": "9cc63831542a4bd5aca2c6e4ca7bd05b_4",
    "free4LimitedTime": false,
    "showTotalCount": "790.1万"
  },{
  "author": "大红大紫",
  "category": "都市",
  "title": "都市之最强狂兵",
  "cmReadBook": false,
  "description": "国之重器，猛虎出笼！亦正亦邪的他注定有着无法平淡的命运！身负枷锁执掌生杀命轮！他身立潮头一生高唱大风！\r\n只装最牛的逼，只踩最狠的人！他一生辉煌，彪悍铸就，舞练长空！！！\r\n大红大紫出品必属精品，有多本完本经验，请放心阅读！！！",
  "readCount": "29.4万",
  "iconUrl": "https://easyreadfs.nosdn.127.net/sJjtyAEG82BGp4UIaUVbjA==/8796093024476681623",
  "sourceUrl": "7c778c929b8e468281e643953b849277_4",
  "free4LimitedTime": false,
  "showTotalCount": "559.8万"
}, {
"author": "黑色枷锁",
"category": "都市",
"title": "我的老千生涯",
"cmReadBook": false,
"description": "你可以不混社会，但你要懂社会！\r\n\r\n钻石票1000加更。\r\n我的QQ：1951057877\r\n微信：heisejiasuo",
"readCount": "32万",
"iconUrl": "https://easyreadfs.nosdn.127.net/xNNP3vCEHYU5sdgz-E0QvA==/8796093023187099637?param=200x0&type=1.jpg",
"sourceUrl": "127d894762e64a8",
"free4LimitedTime": false,
"showTotalCount": "873.5万"
  }],

  "bottom": [{
    "sourceUrl": "ts_c2be2fc90eca40ff91531291e69a9d81_4",
    "title": "和空姐荒岛求生的日子",
    "description": "飞机失事，我和一群空姐降落在荒岛。 \r\n没有救援，只有层出不穷的危险和敌人。 \r\n与天斗，与地斗，与人斗，其乐无穷。 这是我的荒岛， 我用勇气和智慧，打造我的世界。 \r\n这里，我是王！",
    "iconUrl": "https://easyreadfs.nosdn.127.net/E9H-ir2HT-abmBGY--6BfA==/8796093023534845399?param=200x0&type=1.jpg",
    "coverImage": "https://easyreadfs.nosdn.127.net/E9H-ir2HT-abmBGY--6BfA==/8796093023534845399?param=200x0&type=1.jpg",
    "keyName": "都市,美女,爽文",
    "author": "青衫隐",
    "paydesc": "付费作品",
    "editorRecommend": "深夜荒岛上，只有一群空姐和我一个男人，有点慌，该怎么办？",
    "showTotalCount": "108.4万",
    "Serialization": false,
    "category": "都市"
  }, {
    "sourceUrl": "d4110d755dc141aeaaeb59e936dee75b_4",
    "title": "村长的后院",
    "description": "村长官虽小，可手握一方土地，权势不小。村长的后院妙事多，当不良少年发现了村长后院的秘密之后，他的生活便多姿多彩起来，从此这个满是俏妇艳女的村子里便接二连三响起了原始而又美妙的声音……",
    "iconUrl": "https://easyreadfs.nosdn.127.net/Nu8j32_CXz7TSRZd365fBQ==/7916788284708166511",
    "coverImage": "https://easyreadfs.nosdn.127.net/Nu8j32_CXz7TSRZd365fBQ==/7916788284708166511",
    "keyName": "都市生活,乡村纪实,社会百态,成长",
    "author": "秋天的竹笋",
    "paydesc": "付费作品",
    "editorRecommend": "【8折】当不良少年发现村长后院的秘密后，从此这个满是俏妇的村子里便响起了美妙的声音......",
    "showTotalCount": "237.2万",
    "Serialization": false,
    "category": "都市"
  }, {
    "sourceUrl": "ts_46d7c8c663cc4cf499fb763bed379d0e_4",
    "title": "绝品战尊",
    "description": "林归，原本是家族的一个弃子，因为修炼天赋太差，使得修为一直都停留在二星武徒境界无法提升，也就因为这个原因，使得林归被家族成员百般刁难，废物林归之名传遍四周。后来一个偶然的机会，林归得到奇遇，获得逆天功法《万法不灭诀》和超级神器十方天鼎。\r\n   从此以后，林归霸气的人生开始展开，修炼最好的功法，泡最靓的妹子，剑指苍穹，脚踏诛天，一路高歌猛进，战乱域，战大陆，成为大陆的武道至圣，而后飞升，九天神界，唯我独尊，一路战杀，最终成就绝品战尊。",
    "iconUrl": "https://easyreadfs.nosdn.127.net/cJHbx-vk8z2O-6WK4rkiNg==/8796093023056353319?param=200x0&type=1.jpg",
    "coverImage": "https://easyreadfs.nosdn.127.net/cJHbx-vk8z2O-6WK4rkiNg==/8796093023056353319?param=200x0&type=1.jpg",
    "keyName": "热血,玄幻,爽文,神魔,重生,生存奇遇,扮猪吃虎",
    "author": "不言不语",
    "paydesc": "付费作品",
    "showTotalCount": "366.2万",
    "Serialization": true,
    "category": "玄幻"
  }, {
    "sourceUrl": "c12eb79336194295bccaf33de02766f1_4",
    "title": "上门女婿",
    "description": "韩东本身是一个“被”退伍的军人。回到都市后，被迫成为了夏家的上门女婿……",
    "iconUrl": "https://easyreadfs.nosdn.127.net/iMk9ANNNfywhC7uW7qF2Ww==/8796093023731868824",
    "coverImage": "https://easyreadfs.nosdn.127.net/iMk9ANNNfywhC7uW7qF2Ww==/8796093023731868824",
    "keyName": "都市生活,职场白领,扮猪吃虎,上门女婿,暧昧热血",
    "author": "貌似纯洁",
    "paydesc": "VIP作品",
    "editorRecommend": "一个“被”退伍的军人。回到都市后，被迫成为上门女婿…",
    "category": "都市",
    "showTotalCount": "203.2万",
    "Serialization": true
  }, {
    "sourceUrl": "bd_7000d34a65e24719aa805018df24d1c7_4",
    "title": "最强狂兵",
    "description": "王猛，特种兵，代号暴王。\r\n此人凶残暴虐，狂猛无敌，乃兵之大凶！\r\n凶兵突然回归都市，策马江湖，再搅风云......\r\n大佬们顿足捶胸：放虎归山，控制不住了......",
    "iconUrl": "https://easyreadfs.nosdn.127.net/BumDpr3lRK9Ww1SbZ5Gvqg==/8796093024345478419?param=200x0&type=1.jpg",
    "coverImage": "https://easyreadfs.nosdn.127.net/BumDpr3lRK9Ww1SbZ5Gvqg==/8796093024345478419?param=200x0&type=1.jpg",
    "keyName": "爽文,兵王",
    "author": "就为活着",
    "paydesc": "付费作品",
    "category": "都市",
    "showTotalCount": "677.9万",
    "Serialization": false
  }, {
    "sourceUrl": "bd_b62251ada06f4b1587d9164420ff7cd8_4",
    "title": "神棍小村医",
    "description": "山村少年方小宇，因砸破奇石获异能，从此精通医术、风水、看相和鉴宝。\n他点中了事业桃花双旺的风水宝地。开塘办厂建电站，带领乡亲奔小康。护士警花女教师，村花校花留守妇，模特明星女老总，桃花运来挡不住……",
    "iconUrl": "https://easyreadfs.nosdn.127.net/z-JOKP_pCSx5ORIDymn4ZQ==/8796093024396159051?param=200x0&type=1.jpg",
    "coverImage": "https://easyreadfs.nosdn.127.net/z-JOKP_pCSx5ORIDymn4ZQ==/8796093024396159051?param=200x0&type=1.jpg",
    "keyName": "现代都市",
    "author": "白龙秀才",
    "paydesc": "付费作品",
    "editorRecommend": "砸破奇石获异能，从此精通医术、风水、看相和鉴宝。",
    "category": "都市",
    "showTotalCount": "504.8万",
    "Serialization": true
  }]
}
