{
  "lunbo":1423223,
  "data":[
    {
    "text": "主编推荐",
    "books": [{
      "bookStatus": 1,
      "author": "金庸",
      "category": "武侠小说",
      "title": "金庸作品全集",
      "cmReadBook": false,
      "description": "套装包含：《书剑恩仇录》(共二册)、《碧血剑》（共二册）、《射雕英雄传》(共四册)、《神雕侠侣》（共四册）、《雪山飞狐》（连《白马啸西风》及《鸳鸯刀》）、《飞狐外传》（共二册）、《倚天屠龙记》(共四册)、《连城诀》、《天龙八部》(共五册)、《侠客行》（连《越女剑》及《卅三剑客图》）（共二册）、《笑傲江湖》（共四册）、《鹿鼎记》(共五册)。",
      "readCount": "10.4万",
      "iconUrl": "https://easyreadfs.nosdn.127.net/u03zXtRnwLDdrINXUZApDg==/8796093024493733685",
      "payType": 2,
      "sourceUrl": "/source/4e92e40e7c434aa09a7dfb25c69d6259_4",
      "createBy": 0,
      "free4LimitedTime": false,
      "showTotalCount": "887.1万"
    }, {
      "bookStatus": 1,
      "author": "庸人",
      "category": "社会小说",
      "title": "电视(《我们的四十年》原著)",
      "cmReadBook": false,
      "description": "肖家一台苏联产的“红宝石”电视让胡同里的人们提前领略到了电视的魔力，一个新的时代开始了。大人们为了得到这件时髦的“宝贝”费尽心力。五大爷攒电视，结果攒出个“炸弹”；冯胜利提着陈年茅台走后门，却只换得关于抓阉的一句暗示……\r\n\r\n孩子们更是如痴如醉。《加里森敢死队》让街上飞刀横飞，冯都、肖战在铁轨上轧飞刀被抓了现形；肖战喜欢上同学夏娃仅仅因为她长得像《霍元甲》里的亚男；冯都也喜欢同桌海霞，因为她像《追捕》里的真优美……\r\n\r\n头脑灵活的肖红军卖起了电视天线，小赚了一笔；冯胜利被“优化组合”后，迫不得已卖起了电视罩，生意竟然也红红火火；冯都的奶奶甚至通过《海峡两岸》找到了失散多年的大儿子……\r\n\r\n冯胜利这辈人是幸运的，他们赶上了电视年代。冯都这一辈更是幸运的，因为他们是第一代也是唯一一代电视人类。胡同里人们的生活就是我们的生活，《电视》里有大家共同的经历。",
      "readCount": "1.1万",
      "iconUrl": "https://easyreadfs.nosdn.127.net/22oxjf1aLnJQ5F0JerPlVw==/8796093022994498065",
      "payType": 1,
      "sourceUrl": "/source/4d125e83f15541a78265de6ed5627541_4",
      "createBy": 0,
      "free4LimitedTime": false,
      "showTotalCount": "45.9万"
    }, {
      "bookStatus": 1,
      "author": "胡迁",
      "category": "现当代文学",
      "title": "大裂（《大象席地而坐》）",
      "cmReadBook": false,
      "description": "我要看清楚那头大象为什么要一直坐在那儿，这可能是我这辈子最大的困惑。——《大象席地而坐》\r\n\r\n上帝经常会让你一无所有，再给你一点甜头，这点甜头就是在闭上眼睛的一瞬间，让你错觉拥有了很多东西。——《漫长地闭眼》\r\n\r\n我们始终坚信荒原上的藏宝图，能指引我们挖出黄金，走向黄金的大道，那个入口感人肺腑，低吟浅唱着通向云层的歌谣。——《大裂》\r\n\r\n......\r\n\r\n《大裂》书如其名，彻底是一本伤害之书。15个中短篇小说，每篇小说都怀抱同样一个任何人无从回避的问题：“我们还要活（被伤害）多久？”",
      "readCount": "3.1万",
      "iconUrl": "https://easyreadfs.nosdn.127.net/fbJ_YlWrActT9QYY0WZ9Wg==/8796093024204848582",
      "payType": 2,
      "sourceUrl": "/source/b1be62e53d1f4da78b1dea9c1ac1cae5_4",
      "createBy": 0,
      "free4LimitedTime": false,
      "showTotalCount": "12.9万"
    }, {
      "bookStatus": 1,
      "author": "冯唐",
      "category": "散文随笔",
      "title": "无所畏",
      "cmReadBook": false,
      "description": "冯唐全新作品，一部坦露自我的真诚之作。\n\n全书分为如何获得成功、爱情如何对抗时间、生活怎么过才算有意义、自我价值如何体现四个部分，并收录《如何避免成为一个油腻的中年猥琐男》《找个好看的扑倒》《爱情如何对抗时间》《我爸认识所有的鱼》等知名篇目。\n\n此书对冯唐来说，是一个新的开始，中年的冯唐在书中坦言自己的中年危机、父亲的去世、老妈的人生哲学，以及对过去和未来的自我审视。冯唐父亲、母亲等私人珍藏照片，初次放进书中，以图文结合的方式直观展现《无所畏》中谈及的人、事、物。\n\n活在这世上，什么都不要怕，做自己认为对的事儿，慢慢放下输赢和计算。",
      "readCount": "10.8万",
      "iconUrl": "https://easyreadfs.nosdn.127.net/ckRjEN0KaKyUUiKX2nyPkg==/8796093024435763633",
      "payType": 2,
      "sourceUrl": "/source/decb69f31db0483c8c751efe8fec87da_4",
      "createBy": 0,
      "free4LimitedTime": false,
      "showTotalCount": "7.7万"
    }, {
      "bookStatus": 1,
      "author": "王伟",
      "category": "经济学",
      "title": "权力密码：当历史遇见经济学",
      "cmReadBook": false,
      "description": "用经济学思维破解政治智慧！看古代高人如何运筹帷幄、纵横捭阖！“看懂世界格局”系列畅销书作者王伟全新力作！一部以“察盛衰之理，审权势之宜，观驭人之术，思成事之道”为宗旨、以解开权力运行的法则和密码为目标，从经济学角度解析历史事件的全新历史作品。\n\n从大禹治水到刘邦建汉，权力的演变、制度的变革，做事之道、用人之法，一切尽在“权利密码”中。且看古代高人如何运筹帷幄、纵横捭阖，成就千古令名。\n\n身为读者的我们，也将学会用经济学的思维破解政治智慧、分析当前政治经济形势，看懂复杂的社会变革、经济演变，从而为人生道路的选择提供有益的参考。",
      "readCount": "1.1万",
      "iconUrl": "https://easyreadfs.nosdn.127.net/1pUvVj8NpRD5CZX-vFEFIg==/8796093024504102260",
      "payType": 2,
      "sourceUrl": "/source/b83d2796c085487ca7211992a920692c_4",
      "createBy": 0,
      "free4LimitedTime": false,
      "showTotalCount": "11.4万"
    }, {
      "bookStatus": 1,
      "author": "凤歌",
      "category": "武侠小说",
      "title": "昆仑（全四卷）",
      "cmReadBook": false,
      "description": "梁文靖、萧玉翎之子梁萧自小顽皮异常，为邻里所不容，梁文靖只好带着他们母子前往蒙古大漠。不料萧千绝追蹑而至，设计杀害梁文靖，带走萧玉翎。小梁萧丧父失母，背负血仇孤身流浪。\n\n为习得太乙分光剑，救回被萧千绝带走的母亲，小梁萧与天机宫主人订下赌约，耗尽心力解答天机十算。没想到最后一问原本无答可解，梁萧用了五年时间，只解出九算，而且已然从中悟到天机宫主人的阴暗用心。\n\n为了报答花晓霜的真情，梁萧还是在天机宫面临莫大危难之时挺身而出，却因此被天机宫叛徒明归挟持而陷入生死绝境……",
      "readCount": "1.4万",
      "iconUrl": "https://easyreadfs.nosdn.127.net/h42kdUu_xDgeDciiXpe1UA==/8796093024506620375",
      "payType": 2,
      "sourceUrl": "/source/0f41cc22efb34a5caa80a8458684d486_4",
      "createBy": 0,
      "free4LimitedTime": false,
      "showTotalCount": "92.2万"
    }]
  },
  {
    "text": "新书上线",
    "books": [{
      "bookStatus": 1,
      "author": "余华",
      "category": "现当代文学",
      "title": "活着",
      "cmReadBook": false,
      "description": "《活着》是一篇读起来让人感到沉重的小说。那种只有阖上书本才会感到的隐隐不快，并不是由作品提供的故事的残酷造成的。毕竟，作品中的亡家、丧妻、失女以及白发人送黑发人这样的故事并不具备轰动性。\n\n同时，余华也不是一个具有很强煽动能力的作家，实际上，渲染这样的表达方式是余华一直所不屑的。余华所崇尚的只是叙述，用一种近乎冰冷的笔调娓娓叙说一些其实并不正常的故事。而所有的情绪就是在这种娓娓叙说的过程中中悄悄侵入读者的阅读。\n\n这样说来，《活着》以一种渗透的表现手法完成了一次对生命意义的哲学追问。",
      "readCount": "29.2万",
      "iconUrl": "https://easyreadfs.nosdn.127.net/aHdDxyYaF7okR4jpl95_6A==/8796093024511263723",
      "payType": 2,
      "sourceUrl": "/source/5864e421df84404899893c09d1e6379b_4",
      "createBy": 0,
      "free4LimitedTime": false,
      "showTotalCount": "9.3万"
    }, {
      "bookStatus": 1,
      "author": "当年明月",
      "category": "人文历史",
      "title": "明朝那些事儿（全七册）",
      "cmReadBook": false,
      "description": "历史是什么？历史就是那些残台断瓦、古庙荒冢吗？就是那些枯燥的史料吗？不是，绝对不是。\n\n “历史原来是很精彩的呀！”当年明月大喊一声。\n\n瞧，前面那座古庙里有点儿动静，一个小和尚好像刚睡醒，慢腾腾地伸了个懒腰，抖落了身上厚厚的尘土。噢！那不是朱重八吗？\n\n咦，夕阳西下的战场，一个高个方脸汉子骑着马，正风尘仆仆赶向南京，那不是朱棣么？后边是个一脸正气的老夫子，跌跌撞撞地拉着个衣着华贵的小孩赶路，那不是方孝孺和小皇帝么……\n\n来了，来了，沮丧的胡惟庸，骄横的蓝玉，没个正形的朱厚照，险恶的万贵妃，肠子不会转弯的海瑞……\n\n当年明月看着这闹哄哄的一团，摊开一叠书稿，“唰唰”地写起来。在他的笔下，这闹哄哄的一大帮人不再是史书上正襟危坐的样子，而是活了起来，有着自己的人品性情，有着活在这世上的喜怒哀乐。\n\n他描摹着他们，就像描摹自家老板、办公室里的猴儿精同事，一起长大的邻居小伙伴。于是，历史也在我们的眼前活了起来。",
      "readCount": "180.3万",
      "iconUrl": "https://easyreadfs.nosdn.127.net/bE6SmcaxRHssnop7RmQOIw==/8796093024503818204",
      "payType": 2,
      "sourceUrl": "/source/8355808f10e0459fbe97d5a4b88a83bd_4",
      "createBy": 0,
      "free4LimitedTime": false,
      "showTotalCount": "147.2万"
    }, {
      "bookStatus": 1,
      "author": "【以色列】尤瓦尔·赫拉利,林俊宏",
      "category": "宗教哲学",
      "title": "尤瓦尔简史三部曲（人类简史+未来简史+今日简史）",
      "cmReadBook": false,
      "description": "“未来三部曲”涵盖了尤瓦尔•赫拉利三部代表作《人类简史》、《未来简史》、《今日简史》。\r\n\r\n《未来简史》是一部对人类未来可能性的探讨作品。<本书以三个部分揭示人类未来走向中的各种谜题。第一部分从现代跳回到了历史甚至史前时期，审视智人的生物组成，以及人类与其他动物之间的关系。我们独特的生物机能为我们打开了什么样的大门，以及有什么样的限制。第二部分探索智人为这个世界带来的意义。描述了过去的这几千年间智人创造的这个奇异的世界，以及那些引领我们走到现今这个十字路口的路径。第三部分也是本书的最后一章回到了21世纪，以对人类以及人文主义的更深层次的理解为基础，描述了我们目前的窘况以及可能的未来。\r\n\r\n《人类简史》是一部恢弘的人类简史，作者以渊博的知识与开创性的洞见，借鉴古生物学、人类学和社会学，为读者解开人类何以产生，以及人类从动物到现代人的转变。本书的可贵之处在于，作者不仅从宏观历史角度告诉我们过去发生了什么，他还挖掘了人类道德和生存的深层意义，指出这样的发展如何影响了我们的日常生活。他写了过去两百年来工业革命的过程，也写公元前一万年的农业革命。告诉我们钱和宗教是什么时候出现的，为什么会出现？为何少数人能统治大部分的人口，帝国的崛起与衰落怎么发生的?为什么几乎所有社会都认为女人不如男人？为什么“一神论”成为最普遍的宗教思想？科学是如何成为资本主义的信条的？历史是否有方向？人们都变得快乐是历史进步了吗？本书对诸如此类问题的解答，让读者明确人类社会的过去，并指引我们定位清晰的未来。\r\n\r\n《今日简史》提出，当前人类社会面临着科技颠覆、生态崩溃和核战争三大挑战。“国家”这一身份认同已不足以应对今天的挑战，任何一个国家都无法独立解决全球性问题。人工智能和生物技术正在颠覆原有的社会结构和分配方式，数据成为最重要的资源。 当数据巨头比我们更了解自己，当“在线”成为一种生存方式，如何规范数据的所有权？能否建立起一个维护人类自由和平等的全球社群？人工智能和生物技术已使人类掌握了重塑和重新设计生命的能力。我们该如何运用这种能力，上演另一出全新大戏？ 在一个信息爆炸却多半无用的世界，清晰的见解就成了一种力量。对于关乎人类命运的种种议题，尤瓦尔•赫拉利在《今日简史》中没有简单给出答案，而是引发了我们进一步思考。",
      "readCount": "8.5万",
      "iconUrl": "https://easyreadfs.nosdn.127.net/0j9ye36DO4ltquFB5fY8ww==/8796093024401754784",
      "payType": 2,
      "sourceUrl": "/source/5b71e6ab136545b2a2561e65ec6d5ed1_4",
      "createBy": 0,
      "free4LimitedTime": false,
      "showTotalCount": "71.3万"
    }, {
      "bookStatus": 1,
      "author": "阿耐",
      "category": "社会小说",
      "title": "大江大河（共4册）",
      "cmReadBook": false,
      "description": "由王凯主演的影视《大江大河》，改编自欢乐颂作者阿耐的原著小说，献礼改革开放40周年。《大江东去》被誉为“描写改革开放30年的奇书”！读者公认可以媲美《平凡的世界》的文学作品。\r\n\r\n读《大江东去》，有人看到权谋，有人看到商略，有人看到国策，有人看到整整一代人的命运浮沉。史诗笔法，全景展现改革开放三十年中国经济生活；恢宏气势，深度揭示历史转型新时期平凡人物命运。豆瓣评分高达9.2，荣获中宣部“五个一工程奖”。\r\n\r\n著名财经作家吴晓波，《新周刊》副主编蒋方舟，著名文学评论家雷达、程光炜、白烨、张颐武力荐！\r\n\r\n《艰难的制造》，《大江东去》后续小说，还原国家与个人进步背后的苦泪细节，青年入世启蒙！真实细腻的商战谋略，深刻本质的政策分析！中国实体经济的真实披露，业内人士一手经历。豆瓣评分高达8.8分！首次原貌出版。本书曾用名《民企江湖》。",
      "readCount": "1.8万",
      "iconUrl": "https://easyreadfs.nosdn.127.net/mWwXzO8NyvXy1Xt0cGWfEg==/8796093024423682938",
      "payType": 2,
      "sourceUrl": "/source/a177475c0fb24f3f85845611b679f303_4",
      "createBy": 0,
      "free4LimitedTime": false,
      "showTotalCount": "196.3万"
    }, {
      "bookStatus": 1,
      "author": "【美】傅高义",
      "category": "历史小说",
      "title": "邓小平时代",
      "cmReadBook": false,
      "description": "邓小平深刻影响了中国历史和世界历史的走向，也改变了每一当代中国人的命运。解读邓小平的政治生涯及其行为逻辑，就是解读当代中国，解读个人命运背后的历史变局。\n\n哈佛大学傅高义教授倾十年心力完成的权威巨著《邓小平时代》，是对邓小平跌宕起伏的一生以及中国惊险崎岖的改革开放之路的全景式描述。作者对邓小平个人性格及执政风格进行了深层分析，并对中国改革开放史进行了完整而独到的阐释。\n\n书中涵盖丰富的中外档案资料和研究成果，以及为数众多的作者独家访谈。对中美建交、华国锋历史评估、改革开放的幕后曲折、邓小平和诸多当时关键人物之关系、香港问题、邓小平南巡等重大议题均有详述及剖析。\n\n本书既具学院研究的严谨专精，又对中国现实政治与事理人情有透彻把握，被誉为邓小平研究“纪念碑式”的著作。",
      "readCount": "6.7万",
      "iconUrl": "https://easyreadfs.nosdn.127.net/Q9XQsSQlGlAqhBc-Sp_Tng==/8796093024506833675",
      "payType": 2,
      "sourceUrl": "/source/671f98b7d22e4c72b0bd31a0a8f09982_4",
      "createBy": 0,
      "free4LimitedTime": false,
      "showTotalCount": "47.8万"
    }, {
      "bookStatus": 1,
      "author": "李诞",
      "category": "乡土小说",
      "title": "笑场",
      "cmReadBook": false,
      "description": "《笑场》全书内容分为三部分：第一部分是在网络上十分流行的《扯经》故事，讲述遗寺师徒二人的幽默生活。\n\n第二部分是李诞近年来创作的短篇小说，通过寓言式的故事描写小人物的悲欢离合、生老病死，以幽默的笔触警示世人，从不同角色的口中描绘出了一幅耐人寻味的人生浮世绘，也带给世人以思考。\n\n第三部分则是李诞的散文随笔以及诗歌，以平实真诚的口吻谈论身边市井百态，对人生、情感、哲学展开思考。",
      "readCount": "106.1万",
      "iconUrl": "https://easyreadfs.nosdn.127.net/UbAXcadob-Ms5nhehBpBKQ==/8796093024368918217",
      "payType": 2,
      "sourceUrl": "/source/09c31d1a3aea4edbbbab387ecd06cf0c_4",
      "createBy": 0,
      "free4LimitedTime": false,
      "showTotalCount": "10.5万"
    }]
  },
  {
    "text": "经典阅读",
    "books": [{
      "bookStatus": 1,
      "author": "【美】丹尼尔·戈尔曼,【美】安妮·麦基,杨春晓,魏平,张岩,王乾,葛文婷",
      "category": "成长励志",
      "title": "情商系列（全六册）",
      "cmReadBook": false,
      "description": "【《情商：为什么情商比智商更重要》】20世纪最具影响力的话题书籍之一。连续畅销10年，全球销售超过8000000册！ 本书不仅打破了长久以来智商的天生决定论，更为心理学界探讨已久的“情绪智慧”问题提出关键性的解释。 \n\n【《情商2：影响你一生的社交商》】在本书中·戈尔曼阐述了他的最新发现，一项同样具有划时代意义的发现——我们与他人的关系也影响着我们的智力，并对我们生活的方方面面施加着影响。 \n\n如果说在职场中“智商决定是否录用，情商决定是否升迁”，那么“社交商则决定着你在职场内外的生活质量”。 \n\n【《情商 3：影响你一生的工作情商》】 在这本书中，丹尼尔·戈尔曼认为，工作职位的升高，技术能力和认知能力的重要性就会递减，而情商的重要性则会递增。优秀员工的工作业绩中，情商要素所占的比重高达三分之二。 \n\n【《情商 4：决定你人生高度的领导情商》】在这本书中，戈尔曼引用了新的情商模型即把情商归结为自我意识、自我管理、社会意识和人际关系管理，这种简化的情商模型更有利于提高领导情商。\n \n作者还探讨了可以产生共鸣感的四种领导风格，即愿景式领导、辅导式领导、亲和式领导、民主式领导。 \n\n【《情商 5：影响你一生的生态商》】在本书中，戈尔曼对人们的“生态无知”进行了深入探讨。他认为，“生态商”将成为连接环保和商业这两个至今背道而驰的领域的“必要粘合剂”。 \n\n【《情商（实践版）》】在本书中，介绍了大脑与情绪科学的最新发现，其中一些关键认识有助于我们进一步理解和应用情商。",
      "readCount": "32.3万",
      "iconUrl": "https://easyreadfs.nosdn.127.net/tZk56uVmVhZkw94xp4P8xw==/8796093024364795199",
      "payType": 2,
      "sourceUrl": "/source/5bd954406d7145518e99a97d79cee0ca_4",
      "createBy": 0,
      "free4LimitedTime": false,
      "showTotalCount": "104.4万"
    }, {
      "bookStatus": 1,
      "author": "王觉仁",
      "category": "悬疑推理",
      "title": "兰亭序杀局（系列全三册）",
      "cmReadBook": false,
      "description": "“兰亭”系列圆满收官，成就一套新派历史悬疑巨著！\n\n《兰亭序杀局Ⅰ：玄甲卫》:唐武德九年六月四日，玄武门之变爆发，禁军中郎将吕世衡临死前留下了四个诡异的血字，令李世民百思不解。十六年后，玄甲卫郎将萧君默奉旨追查《兰亭序》真迹，意外卷入绝世谜局。《兰亭序》的惊天秘密浮出水面，江湖与庙堂风起云涌。夺嫡之争愈演愈烈，盛世大唐面临危亡……萧君默能否在步步杀机中突出重围，拯救大唐？\n\n《兰亭序杀局Ⅱ：天刑劫》:萧君默携辩才父女千里逃亡，一夜之间丧失所有！玄甲卫一路追杀，如影随形，冥藏伺机而动，设伏狙击，天刑盟各分舵忠奸莫辨，敌友难分！萧君默与对手们斗智斗勇，几回命悬一线，数度死里逃生！《兰亭序》之谜渐次揭开，“三觞解天刑”究竟藏着何种玄机？当《兰亭序》真迹重现于世，谁能窥破其终极奥秘？在逃亡之路的尽头，萧君默和楚离桑又将遭遇怎样的命运？\n\n《兰亭序杀局Ⅲ：长安乱》: 亡命天涯的萧君默摇身一变成为平叛功臣回到长安，然而他却丝毫没有荣归故里、凯旋还朝的喜悦。因为他知道，在前方等待他的，将是比以往任何时候都更为可怕的阴谋、纷争与杀戮，而表面上繁华太平的长安，实则已是暗流涌动、杀机四伏，很快就将成为各方势力终极对决的血腥战场。 \n\n萧君默能够挽回这场注定到来的劫难吗？且看最后一战，他如何运筹帷幄，力挽狂澜，拯救社稷！",
      "readCount": "6960",
      "iconUrl": "https://easyreadfs.nosdn.127.net/obCPxk3EGJae3hjkRUHs5A==/8796093024391234062",
      "payType": 2,
      "sourceUrl": "/source/845c801975f64bb08dac172caf658dee_4",
      "createBy": 0,
      "free4LimitedTime": false,
      "showTotalCount": "86.9万"
    }, {
      "bookStatus": 1,
      "author": "【美】唐纳德•A•诺曼",
      "category": "管理学",
      "title": "设计心理学（1-4册）",
      "cmReadBook": false,
      "description": "《设计心理学（全四册）》内容简介：诺曼博士用诙谐的语言讲述了许多我们日常生活中常常会遇到的挫折和危险，帮我们找到了这些问题的关键，即产品设计忽略了使用者在一定情境中的真实需求，甚至违背了认知学原理。诺曼博士本书中强调以使用者为中心的设计哲学，提醒消费者在挑选的物品，必须要方便好用，易于理解，希望设计师在注重设计美感的同时，不要忽略设计的一些必要因素，因为对于产品设计来说，安全好用永远是竞争的关键。对未来产品设计中可能面临的问题进行了多角度的分析，并探讨了解决方法和指导原则。从“话唠”GPS系统到“坏脾气”的冰箱，诺曼博士用诙谐的语言和生动的案例，大胆预测了未来产品的发展趋势，并总结了未来产品设计的六大法则。本书可以启发到人们用一种全新的视角看设计，并揭示了在未来设计中设计师应该坚持的方向和原则。",
      "readCount": "4.5万",
      "iconUrl": "https://easyreadfs.nosdn.127.net/ggZ_vxXaji9ZYbp5rhC7Yw==/8796093023046678223",
      "payType": 2,
      "sourceUrl": "/source/8fbc267e2eb241909f3dbd65097a43b0_4",
      "createBy": 0,
      "free4LimitedTime": false,
      "showTotalCount": "65.7万"
    }]
  }]
}
