{
  "data": [{
    "bookStatus": 1,
    "author": "【美】丹尼尔·戈尔曼,【美】理查德·博亚兹,【美】安妮·麦基,杨春晓,魏平,张岩,王乾,葛文婷",
    "category": "成长励志",
    "title": "情商系列（全六册）",
    "cmReadBook": false,
    "description": "【《情商：为什么情商比智商更重要》】20世纪最具影响力的话题书籍之一。连续畅销10年，全球销售超过8000000册！ 本书不仅打破了长久以来智商的天生决定论，更为心理学界探讨已久的“情绪智慧”问题提出关键性的解释。 \n\n【《情商2：影响你一生的社交商》】在本书中·戈尔曼阐述了他的最新发现，一项同样具有划时代意义的发现——我们与他人的关系也影响着我们的智力，并对我们生活的方方面面施加着影响。 \n\n如果说在职场中“智商决定是否录用，情商决定是否升迁”，那么“社交商则决定着你在职场内外的生活质量”。 \n\n【《情商 3：影响你一生的工作情商》】 在这本书中，丹尼尔·戈尔曼认为，工作职位的升高，技术能力和认知能力的重要性就会递减，而情商的重要性则会递增。优秀员工的工作业绩中，情商要素所占的比重高达三分之二。 \n\n【《情商 4：决定你人生高度的领导情商》】在这本书中，戈尔曼引用了新的情商模型即把情商归结为自我意识、自我管理、社会意识和人际关系管理，这种简化的情商模型更有利于提高领导情商。\n \n作者还探讨了可以产生共鸣感的四种领导风格，即愿景式领导、辅导式领导、亲和式领导、民主式领导。 \n\n【《情商 5：影响你一生的生态商》】在本书中，戈尔曼对人们的“生态无知”进行了深入探讨。他认为，“生态商”将成为连接环保和商业这两个至今背道而驰的领域的“必要粘合剂”。 \n\n【《情商（实践版）》】在本书中，介绍了大脑与情绪科学的最新发现，其中一些关键认识有助于我们进一步理解和应用情商。",
    "readCount": "32.7万",
    "iconUrl": "https://easyreadfs.nosdn.127.net/NupOxvq1_ak1He70P8p0Ug==/8796093024515373444",
    "payType": 2,
    "sourceUrl": "/source/5bd954406d7145518e99a97d79cee0ca_4",
    "createBy": 0,
    "free4LimitedTime": false,
    "showTotalCount": "104.4万"
  }, {
    "bookStatus": 1,
    "author": "金庸",
    "category": "武侠小说",
    "title": "金庸作品全集（新修版）（全36册）（金庸作品集）",
    "cmReadBook": false,
    "description": "套装包含：《书剑恩仇录》(共二册)、《碧血剑》（共二册）、《射雕英雄传》(共四册)、《神雕侠侣》（共四册）、《雪山飞狐》（连《白马啸西风》及《鸳鸯刀》）、《飞狐外传》（共二册）、《倚天屠龙记》(共四册)、《连城诀》、《天龙八部》(共五册)、《侠客行》（连《越女剑》及《卅三剑客图》）（共二册）、《笑傲江湖》（共四册）、《鹿鼎记》(共五册)。",
    "readCount": "10.8万",
    "iconUrl": "https://easyreadfs.nosdn.127.net/u03zXtRnwLDdrINXUZApDg==/8796093024493733685",
    "payType": 2,
    "sourceUrl": "/source/4e92e40e7c434aa09a7dfb25c69d6259_4",
    "createBy": 0,
    "free4LimitedTime": false,
    "showTotalCount": "887.1万"
  }, {
    "bookStatus": 1,
    "author": "高阳",
    "category": "历史小说",
    "title": "高阳版《胡雪岩全传》（共6册）",
    "cmReadBook": false,
    "description": "讲透一代商圣胡雪岩的天才与宿命，影响中国一代企业家的经典！马云读了两遍！胡雪岩传记小说至高经典，其他版本大多是这套书的删减版或改编版。高阳版《胡雪岩全传》出版40年来无可逾越，是商人必备的生存手册。\n\n胡雪岩从店伙计到大清巨富花了30年，倾家荡产只花了3天！“有井水处有金庸，有村镇处有高阳。”武侠小说有金庸，历史小说有高阳！高阳的历史小说，注重历史的真实性，又擅长讲故事，读起来轻松畅快，有读者评为“华语历史小说不可逾越的高峰”。翻开本书，看当代历史小说巨匠高阳，重现一代商圣胡雪岩的辉煌与宿命。",
    "readCount": "1.2万",
    "iconUrl": "https://easyreadfs.nosdn.127.net/WO86gXsCi0bwdi_ukMcFhw==/8796093024360166868",
    "payType": 2,
    "sourceUrl": "/source/44da8009d5a2483393fb4fd6e1fda7aa_4",
    "createBy": 0,
    "free4LimitedTime": false,
    "showTotalCount": "143.6万"
  }, {
    "bookStatus": 1,
    "author": "烽火戏诸侯",
    "category": "武侠小说",
    "title": "雪中悍刀行（1-20册）完结版大全集",
    "cmReadBook": false,
    "description": "魔窟北凉的草包世子徐凤年兀自觉醒，逐渐成熟，踏上了逆袭之路。他一刀将江湖捅了个透！妖刀烽火颠覆传统用鬼斧般的文字创造了一个奇特而神秘的世界。",
    "readCount": "2.9万",
    "iconUrl": "https://easyreadfs.nosdn.127.net/HlAgKOpVEOllEE0Ce_Q-Kg==/8796093024523086402",
    "payType": 2,
    "sourceUrl": "/source/e36cb62641664f008d5017a276d72eaa_4",
    "createBy": 0,
    "free4LimitedTime": false,
    "showTotalCount": "447.7万"
  }, {
    "bookStatus": 1,
    "author": "庸人",
    "category": "社会小说",
    "title": "电视(《我们的四十年》原著)",
    "cmReadBook": false,
    "description": "肖家一台苏联产的“红宝石”电视让胡同里的人们提前领略到了电视的魔力，一个新的时代开始了。大人们为了得到这件时髦的“宝贝”费尽心力。五大爷攒电视，结果攒出个“炸弹”；冯胜利提着陈年茅台走后门，却只换得关于抓阉的一句暗示……\r\n\r\n孩子们更是如痴如醉。《加里森敢死队》让街上飞刀横飞，冯都、肖战在铁轨上轧飞刀被抓了现形；肖战喜欢上同学夏娃仅仅因为她长得像《霍元甲》里的亚男；冯都也喜欢同桌海霞，因为她像《追捕》里的真优美……\r\n\r\n头脑灵活的肖红军卖起了电视天线，小赚了一笔；冯胜利被“优化组合”后，迫不得已卖起了电视罩，生意竟然也红红火火；冯都的奶奶甚至通过《海峡两岸》找到了失散多年的大儿子……\r\n\r\n冯胜利这辈人是幸运的，他们赶上了电视年代。冯都这一辈更是幸运的，因为他们是第一代也是唯一一代电视人类。胡同里人们的生活就是我们的生活，《电视》里有大家共同的经历。",
    "readCount": "1.7万",
    "iconUrl": "https://easyreadfs.nosdn.127.net/22oxjf1aLnJQ5F0JerPlVw==/8796093022994498065",
    "payType": 1,
    "sourceUrl": "/source/4d125e83f15541a78265de6ed5627541_4",
    "createBy": 0,
    "free4LimitedTime": false,
    "showTotalCount": "45.9万"
  }, {
    "bookStatus": 1,
    "author": "何马",
    "category": "悬疑推理",
    "title": "藏地密码（珍藏版全10册）",
    "cmReadBook": false,
    "description": "这是一个西藏已经开放为全世界的旅游胜地却依旧守口如瓶的秘密——公元838年，吐蕃末代赞普朗达玛登位，随即宣布禁佛。\n\n在那次禁佛运动中，僧侣们提前将大量经典和圣物埋藏起来，随后将其秘密转移至一个隐秘的地方，他们在那里修建了神庙，称为帕巴拉神庙。随着时光流失，战火不断，那座隐藏着无尽佛家珍宝的神庙彻底消失于历史尘埃之中……\n\n1938年和1943年，希特勒曾派助手希姆莱两次带队深入西藏；多年之后，身在美国宾夕法尼亚州的藏獒专家卓木强巴突然收到一个陌生人送来的信封，信封里装着两张照片，照片上惊现的远古神兽，促使卓木强巴及导师、世界犬类学专家方新教授亲赴西藏。他们在调查过程中震惊地发现，照片上的动物竟然和帕巴拉神庙有关……不久之后。\n\n一支由特种兵、考古学家、生物学家、密修高手等各色人物组成的神秘科考队，悄悄从西藏出发，开始了一场穿越全球生死禁地的探险之旅，他们要追寻藏传佛教千年隐秘历史的真相……\n\n西藏，到底向我们隐瞒了什么？！",
    "readCount": "52.5万",
    "iconUrl": "https://easyreadfs.nosdn.127.net/vkokuHEYdN7BFnwsC8HkkA==/8796093024511231257",
    "payType": 2,
    "sourceUrl": "/source/61bf4f71e48b42a78bf750d00304be0b_4",
    "createBy": 0,
    "free4LimitedTime": false,
    "showTotalCount": "217.9万"
  }, {
    "bookStatus": 1,
    "author": "阿耐",
    "category": "社会小说",
    "title": "大江东去（全3册）",
    "cmReadBook": false,
    "description": "《大江东去》是著名财经作家阿耐（《欢乐颂》作者）创作的一部全景表现改革开放30年来中国经济和社会生活变迁历史的长篇小说。小说以经济改革为主线，全面、细致、深入地表现了1978年以来中国改革开放30年的伟大历史进程。\n\n展现了中国改革开放30年来经济领域的改革、社会生活的变化、政治领域的变革以及人们精神面貌的变化等方方面面；生动而真实地刻画了活跃在改革开放前沿的代表人物，如国营企业的领导、农民企业家、个体户、政府官员、海归派、知识分子等等。人物典型深刻，故事跌宕磅礴。\n\n从表现历史的深度和广度上来说，在表现中国改革开放历史进程这一题材里，这部作品具有很重的分量和特殊意义，被誉为“描写改革开放30年的第一小说”，荣获中宣部“五个一工程奖”。",
    "readCount": "8.5万",
    "iconUrl": "https://easyreadfs.nosdn.127.net/z-748JMj6utnVVkgyzvhqA==/8796093024331930373",
    "payType": 2,
    "sourceUrl": "/source/9a61caf06daa4934be7f931bd2e4a535_4",
    "createBy": 0,
    "free4LimitedTime": false,
    "showTotalCount": "146.5万"
  }, {
    "bookStatus": 1,
    "author": "阿耐",
    "category": "社会小说",
    "title": "大江大河（共4册）",
    "cmReadBook": false,
    "description": "由王凯主演的影视《大江大河》，改编自欢乐颂作者阿耐的原著小说，献礼改革开放40周年。《大江东去》被誉为“描写改革开放30年的奇书”！读者公认可以媲美《平凡的世界》的文学作品。\n\n读《大江东去》，有人看到权谋，有人看到商略，有人看到国策，有人看到整整一代人的命运浮沉。史诗笔法，全景展现改革开放三十年中国经济生活；恢宏气势，深度揭示历史转型新时期平凡人物命运。豆瓣评分高达9.2，荣获中宣部“五个一工程奖”。\n\n著名财经作家吴晓波，《新周刊》副主编蒋方舟，著名文学评论家雷达、程光炜、白烨、张颐武力荐！\n\n《艰难的制造》，《大江东去》后续小说，还原国家与个人进步背后的苦泪细节，青年入世启蒙！真实细腻的商战谋略，深刻本质的政策分析！中国实体经济的真实披露，业内人士一手经历。豆瓣评分高达8.8分！首次原貌出版。本书曾用名《民企江湖》。",
    "readCount": "1.8万",
    "iconUrl": "https://easyreadfs.nosdn.127.net/Bo2iW8lJzJpQ51DrnVE8Qg==/8796093024514987563",
    "payType": 2,
    "sourceUrl": "/source/a177475c0fb24f3f85845611b679f303_4",
    "createBy": 0,
    "free4LimitedTime": false,
    "showTotalCount": "196.3万"
  }, {
    "bookStatus": 1,
    "author": "【瑞典】西蒙·斯塔伦海格,汪洋",
    "category": "科幻小说",
    "title": "电幻国度",
    "cmReadBook": false,
    "description": "直到战争结束后，人们才意识到，带来末日的并非战争。\n\n\"Sentre Stimulus TLE\"头盔，这台原本将要引领人类走向伊甸园的虚幻装置，于1996年更新至Mode 6以后，以一种始料未及的方式彻底摧毁了人类世界。\n\n欢迎进入\"电幻国度\"的时代。",
    "readCount": "8502",
    "iconUrl": "https://easyreadfs.nosdn.127.net/KwbCgtF-DvSDMIZ9QgsnHQ==/8796093024523117501",
    "payType": 2,
    "sourceUrl": "/source/81d94d49ef3b41aab7cd0adfba8aae01_4",
    "createBy": 0,
    "free4LimitedTime": false,
    "showTotalCount": "2.1万"
  }, {
    "bookStatus": 1,
    "author": "余华",
    "category": "现当代文学",
    "title": "活着",
    "cmReadBook": false,
    "description": "《活着》是一篇读起来让人感到沉重的小说。那种只有阖上书本才会感到的隐隐不快，并不是由作品提供的故事的残酷造成的。毕竟，作品中的亡家、丧妻、失女以及白发人送黑发人这样的故事并不具备轰动性。\n\n同时，余华也不是一个具有很强煽动能力的作家，实际上，渲染这样的表达方式是余华一直所不屑的。余华所崇尚的只是叙述，用一种近乎冰冷的笔调娓娓叙说一些其实并不正常的故事。而所有的情绪就是在这种娓娓叙说的过程中中悄悄侵入读者的阅读。\n\n这样说来，《活着》以一种渗透的表现手法完成了一次对生命意义的哲学追问。",
    "readCount": "29.6万",
    "iconUrl": "https://easyreadfs.nosdn.127.net/aHdDxyYaF7okR4jpl95_6A==/8796093024511263723",
    "payType": 2,
    "sourceUrl": "/source/5864e421df84404899893c09d1e6379b_4",
    "createBy": 0,
    "free4LimitedTime": false,
    "showTotalCount": "9.3万"
  }, {
    "bookStatus": 1,
    "author": "张嘉佳",
    "category": "现当代文学",
    "title": "云边有个小卖部",
    "cmReadBook": false,
    "description": "《从你的全世界路过》之后张嘉佳沉淀5年回归之作！让刘十三陪着你，走进云边镇的春夏秋冬，见证每一场相遇与离别。\n\n“有些人刻骨铭心，没几年会遗忘。有些人不论生死，都陪在身旁。”满镇开着桔梗，蒲公英飞得比石榴树还高，一直飘进山脚的稻海。在大多数人心中，自己的故乡后来会成为一个点，如同亘古不变的孤岛。外婆说，什么叫故乡，祖祖辈辈埋葬在这里，所以叫故乡。\n\n刘十三就这样，看着小女孩像梦境一般，马尾辫，眉清目秀，向他走过来。毫无疑问，刘十三认为，这场面会铭记一生。爱情必须给予。和普通的年轻人一样，刘十三没什么拿得出手的东西，只有尚未到来的未来。\n\n山这边是刘十三的童年，山那边是外婆的海。山风微微，像月光下晃动的海浪，有的，没的，温和而柔软，停留在时光的背后，变成小时候听过的故事。为别人活着，也要为自己活着。希望和悲伤，都是一缕光。总有一天，我们会再相遇。",
    "readCount": "6.4万",
    "iconUrl": "https://easyreadfs.nosdn.127.net/7I3Y6Mt0s37FgELEH87Deg==/8796093024460994518",
    "payType": 2,
    "sourceUrl": "/source/883752294d3f4b51aca8574a4663fcdd_4",
    "createBy": 0,
    "free4LimitedTime": false,
    "showTotalCount": "11.5万"
  }, {
    "bookStatus": 1,
    "author": "阿怪,桃子同学,黑猫十一,屁桃猪—lin,温言,【日】奥野宣之,徐凯蒂",
    "category": "现当代文学",
    "title": "用手帐书写更有趣的生活（套装共2册）",
    "cmReadBook": false,
    "description": "每个玩手帐的小伙伴在围观手帐达人的晒图时，大概都有过这样的怨念：\n这款胶带/贴纸我也有啊，为什么人家贴得这么好看！\n这一页布置得好漂亮，她是怎么想到要这样安排的？\n她用的是什么工具？看起来很好用的样子……\n\n我不会画画，是不是就做不出这么好看的手帐？\n怎样才能把手帐照片拍得这么漂亮？\n\n不用再偷师了！我们邀请了五位你很可能围观过的手帐达人，将她们的设计思路、私房秘籍和手帐神器，毫无保留统统介绍给你！你将了解到她们写手帐时在想些什么、用些什么，她们脑袋里那些绝妙的创意是从哪里来的，怎样形成并保持强烈的个人风格，坚持写手帐将为生活带来哪些变化等。\n\n对于爱手帐的我们，生活从来不是毫无意义的时间流逝。让我们通过用心写手帐，把生活过得更美好。",
    "readCount": "5346",
    "iconUrl": "https://easyreadfs.nosdn.127.net/gxH4kB1nJYQoAeNQqtjHlA==/8796093024367963864",
    "payType": 2,
    "sourceUrl": "/source/1b59fc73565349b1a4f1e30ef0568f27_4",
    "createBy": 0,
    "free4LimitedTime": false,
    "showTotalCount": "11.4万"
  }, {
    "bookStatus": 1,
    "author": "尤四姐",
    "category": "言情小说",
    "title": "宫花红（共4册）",
    "cmReadBook": false,
    "description": "她是前朝的公主，国破家亡忍辱负重八九载，受得了天寒地冻，却难度过一个情字的关隘；\n\n他是灭她国家的新帝，指点江山数十年，握得住百万雄兵，却没有一个相知相伴的人。\n\n奴役与帝王，都是骄傲却又孤独的。但人都说缘定三生，一定是前世来生的缘分，怎么都不可能的两个人爱恨交加，纠缠不清。求不得，放不下。他二人如野兽般，互相撕咬，彼此伤害，却改变不了命运。最终，江山红颜，放下才是最好的活着。",
    "readCount": "6070",
    "iconUrl": "https://easyreadfs.nosdn.127.net/pgj0gXPa6J_j6HFodynh2Q==/8796093024451051231",
    "payType": 2,
    "sourceUrl": "/source/ac8476db3e454532a06df354ed0dd38d_4",
    "createBy": 0,
    "free4LimitedTime": false,
    "showTotalCount": "60万"
  }, {
    "bookStatus": 1,
    "author": "【美】罗恩·彻诺,张向铃,高翔,何皓瑜",
    "category": "外国小说",
    "title": "汉密尔顿传",
    "cmReadBook": false,
    "description": "汉密尔顿对美国的影响，比绝大多数美国总统都要深远。\n\n汉密尔顿是美国开国元勋之一、美国《宪法》之父、美国首任财政部长、美国中央银行之父、美国货币之父、美国财政系统之父、美国国家信用体系之父、美国联邦制之父、美国两党制之父、美国税务之父、美国常备军之父，主要由他执笔的《联邦党人文集》是美国宪法精神的经典诠释。\n\n汉密尔顿设计了能让美国平稳运转的整套机制，包括运算体系、长期债务体系、税务体系、中央银行、海关系统。他的政治遗产，包括“工业建国之路”和建立一个强有力的中央政府等，在此后的美国历史中起着越来越显著的作用。",
    "readCount": "5573",
    "iconUrl": "https://easyreadfs.nosdn.127.net/RmQBgZtOj_NAMiO88fh3BA==/8796093024228867835",
    "payType": 2,
    "sourceUrl": "/source/d41c807d9eb14362aa874d502633f1d2_4",
    "createBy": 0,
    "free4LimitedTime": false,
    "showTotalCount": "70.1万"
  }, {
    "bookStatus": 1,
    "author": "蜘蛛",
    "category": "悬疑推理",
    "title": "罪全书系列（共6册）",
    "cmReadBook": false,
    "description": "蜘蛛十年经典集结，热播影视剧《十宗罪》原著！本套装包含了著名悬疑小说作家蜘蛛的罪全书系列（又名十宗罪系列），共6册：《罪全书》、《罪全书2》、《罪全书3》、《罪全书5》、《罪全书6》、《罪全书前传》。\n\n本套书根据真实案例改编而成，涉案地名人名均为化名。恐怖案件，就发生在我们身边。每一个都是曾被媒体严密封锁，大众讳莫如深的奇案大案。",
    "readCount": "1.4万",
    "iconUrl": "https://easyreadfs.nosdn.127.net/nqTW_Z3wulFa7qnBr0Uj2g==/8796093024455057897",
    "payType": 2,
    "sourceUrl": "/source/427a0ee6656f49b798bdc6032c981b50_4",
    "createBy": 0,
    "free4LimitedTime": false,
    "showTotalCount": "95.2万"
  }, {
    "bookStatus": 1,
    "author": "李开复",
    "category": "互联网",
    "title": "AI·未来",
    "cmReadBook": false,
    "description": "李开复博士长期从事人工智能的研究和观察工作，拥有大量的人工智能行业从业经验，历任苹果、微软、Google顶尖科技公司全球副总裁等重要职务，之后创办了中国一流的创投机构——创新工场。在本书中，李开复博士凭借对全球科技业与人工智能行业的深入了解，为读者描绘了人工智能新世界的样貌、未来人工智能对社会的冲击以及在人工智能时代我们的应对策略。\r\n\r\n人工智能已经从发明的年代步入了实干的年代。经历了超过半个世纪的发展，人工智能迎来了“深度学习”这项重大技术突破。深度学习使得人工智能的力量终于落地，可以在真实世界里解决过去人们遇到的大量棘手的问题。",
    "readCount": "1.4万",
    "iconUrl": "https://easyreadfs.nosdn.127.net/nIgIDqqB8pbrKP93XVWuhA==/8796093024411641749",
    "payType": 2,
    "sourceUrl": "/source/9831f8744ec74493aa817f2e6d931c80_4",
    "createBy": 0,
    "free4LimitedTime": false,
    "showTotalCount": "14万"
  }, {
    "bookStatus": 1,
    "author": "南派三叔",
    "category": "悬疑推理",
    "title": "沙海（全集）",
    "cmReadBook": false,
    "description": "一组离奇照片让吴邪决定深入沙漠，派出探查的伙计却精神失常离奇失踪。寻找下发现失踪的伙计在少年黎簇的背上刻下了诡异的图案。吴邪执意邀请黎簇一同前往沙漠腹地古潼京。一行人在沙漠中竟被传说中会移动的海子带到了荒无人烟的白沙区，发现那片区域就是他们要寻找的死亡禁地，同时也是一个机密工程的遗址。卡车围住的海子，白沙下游走的神秘生物，在吴邪、王盟、黎簇陷入绝境之时，黑眼镜突然现身。他能否解救吴邪？解雨臣给了黎簇怎样的信息？闷油瓶留下的线索会是关键吗？这一切黎簇又会如何面对？ \n\n80年代的一个冬天，北京城里出现了很多红旗车，将一些在建筑方面有卓越天赋的孩子带入了巴丹吉林沙漠，之后的30年里，这些孩子再也没有出现。 一千九百多年前的古代建筑设计图纸和巴丹吉林中某一处工业废墟非常相似，在调查那个废墟的过程中，有人发现了那些失踪孩子的名字。 \n\n80年代的沙漠中建设着传说中中国最伟大的建筑，吴邪好像知道一切，但对于谜题却无动于衷，他似乎只是把这个地方当成了自己的棋盘。他在谋划什么？ 当吴邪不再天真，他会是一个什么样的人？当一个人透透彻彻地恨过之后，他还会是从前的自己吗？ \n\n手上一道道伤痕，披上了喇嘛的袈裟，吴邪并没有平静下来，而是带着一个惊天的计划从《藏海花》中走来，开始全面孤独的反击。",
    "readCount": "8.3万",
    "iconUrl": "https://easyreadfs.nosdn.127.net/ey6RzP3Q60tj0SzJqD3nFw==/8796093024504086850",
    "payType": 2,
    "sourceUrl": "/source/3fe140c0dfec464f9a84e7016093672c_4",
    "createBy": 0,
    "free4LimitedTime": false,
    "showTotalCount": "26.4万"
  }, {
    "bookStatus": 1,
    "author": "当年明月",
    "category": "人文历史",
    "title": "明朝那些事儿（全七册）",
    "cmReadBook": false,
    "description": "历史是什么？历史就是那些残台断瓦、古庙荒冢吗？就是那些枯燥的史料吗？不是，绝对不是。\n\n “历史原来是很精彩的呀！”当年明月大喊一声。\n\n瞧，前面那座古庙里有点儿动静，一个小和尚好像刚睡醒，慢腾腾地伸了个懒腰，抖落了身上厚厚的尘土。噢！那不是朱重八吗？\n\n咦，夕阳西下的战场，一个高个方脸汉子骑着马，正风尘仆仆赶向南京，那不是朱棣么？后边是个一脸正气的老夫子，跌跌撞撞地拉着个衣着华贵的小孩赶路，那不是方孝孺和小皇帝么……\n\n来了，来了，沮丧的胡惟庸，骄横的蓝玉，没个正形的朱厚照，险恶的万贵妃，肠子不会转弯的海瑞……\n\n当年明月看着这闹哄哄的一团，摊开一叠书稿，“唰唰”地写起来。在他的笔下，这闹哄哄的一大帮人不再是史书上正襟危坐的样子，而是活了起来，有着自己的人品性情，有着活在这世上的喜怒哀乐。\n\n他描摹着他们，就像描摹自家老板、办公室里的猴儿精同事，一起长大的邻居小伙伴。于是，历史也在我们的眼前活了起来。",
    "readCount": "180.6万",
    "iconUrl": "https://easyreadfs.nosdn.127.net/BYmPV7IOmepNzfqGFL1e9Q==/8796093024521397877",
    "payType": 2,
    "sourceUrl": "/source/8355808f10e0459fbe97d5a4b88a83bd_4",
    "createBy": 0,
    "free4LimitedTime": false,
    "showTotalCount": "147.2万"
  }, {
    "bookStatus": 1,
    "author": "易之",
    "category": "悬疑推理",
    "title": "奇人异士见闻录（共4册）",
    "cmReadBook": false,
    "description": "让一个82岁的老先生，为您讲透术数领域的鱼龙混杂和江湖猫腻。街头算命、扎飞秘术、双金口、鬼将术……为您揭露街头算命的玄妙之处！\n\n《奇人异士见闻录》原名《我是个算命先生》。江湖常见骗局大揭秘，二百年算命帮派的最后救赎。术数文化源远流长，凡八字、六爻、奇门、面相、紫微十几种之多，众人真假难辨，莫衷一是，却心向往之而彷徨，终究真假不分，上当受骗。",
    "readCount": "1.7万",
    "iconUrl": "https://easyreadfs.nosdn.127.net/BUOFEyqKgiqe-cpK2hI5sQ==/8796093024505183428",
    "payType": 2,
    "sourceUrl": "/source/2295cb99e0b6486481c7e14aaccae1b5_4",
    "createBy": 0,
    "free4LimitedTime": false,
    "showTotalCount": "54.8万"
  }, {
    "bookStatus": 1,
    "author": "书海沧生",
    "category": "言情小说",
    "title": "十年一品温如言（全二册）",
    "cmReadBook": false,
    "description": "第一年，她贪图美色，爱上他，一盆水泼出百年的冤家。\n\n第二年，他为她拍了张照片，照片上有个微笑的姑娘。\n\n第三年，他卧病懵懂，赖着她，姑娘醒来发现一场梦啊。\n\n第四年，他喜欢的人从维也纳飞回他的心上，她从他的身旁漂泊到了距他最远的水乡。\n\n第五年，姑娘再也瞧不见自己的那朵花，他对着电流说我是DJ YAN啊。\n\n……\n\n第八年，每次分离都如余生已去，少年再也瞧不见自己的那只小水龟。\n\n……\n\n第十年，他做了爸爸，她做了妈妈。孩子姓言，母温氏。\n\n历数十年之期，他们有了百年的家。",
    "readCount": "15.3万",
    "iconUrl": "https://easyreadfs.nosdn.127.net/cT1m8VZqTWRTIY5LTndAwg==/8796093024512654525",
    "payType": 2,
    "sourceUrl": "/source/3f613176b9084d6e9702146c3f68a330_4",
    "createBy": 0,
    "free4LimitedTime": false,
    "showTotalCount": "52.6万"
  },{
    "bookStatus": 1,
    "author": "中共中央文献研究室,周恩来研究组",
    "category": "人物传记",
    "title": "周恩来（开国领袖画传系列）",
    "cmReadBook": false,
    "description": "“开国领袖画传系列”首批出版包括周恩来、刘少奇和朱德老一代无产阶级革命家的故事，真实记述了他们为中国人民的解放事业和社会主义革命建设事业而不懈奋斗的一生，对他们在不同历史时期的革命活动做了充分反映 ，“开国领袖画传系列”收录了大量珍贵的历史照片，对他们的生活、工作等诸多方面进行了全方位的纪录。",
    "readCount": "5036",
    "iconUrl": "https://easyreadfs.nosdn.127.net/uKuI5db2E4SXvDYivGlxZg==/8796093024509535787",
    "payType": 2,
    "sourceUrl": "/source/3a3cf4747e784056859bbb34b62572c0_4",
    "createBy": 0,
    "free4LimitedTime": false,
    "showTotalCount": "16.8万"
  }, {
    "bookStatus": 1,
    "author": "【英】肯·福莱特,胡允桓",
    "category": "外国小说",
    "title": "圣殿春秋（全3册）",
    "cmReadBook": false,
    "description": "半个地球都在通宵读！《巨人的陨落》作者肯·福莱特《中世纪三部曲》第一部，一部小说写活中世纪史！BBC读者评选年度小说、脱口秀女王奥普拉读书俱乐部推荐，口碑横扫世界各国。同名改编英剧由奥斯卡奖获得者“小雀斑”主演。\r\n\r\n十二世纪英国。一个贫困的建筑匠，一心只想建造一座美丽的大教堂。几经波折，他终于遇到了一个机会。但一座大教堂的建造过程是各方势力的角力：教会、贵族、王室、“巫女”……教堂的建造屡遭干涉。每一种声音都有可能成就他，也有可能毁灭他。",
    "readCount": "1.8万",
    "iconUrl": "https://easyreadfs.nosdn.127.net/DlDuRX-VmbDh3j3CvmuEBQ==/8796093024438537104",
    "payType": 2,
    "sourceUrl": "/source/b4aec3f3b3564491b32e04c7d334cf43_4",
    "createBy": 0,
    "free4LimitedTime": false,
    "showTotalCount": "71.6万"
  }, {
    "bookStatus": 1,
    "author": "王伟",
    "category": "经济学",
    "title": "权力密码：当历史遇见经济学",
    "cmReadBook": false,
    "description": "用经济学思维破解政治智慧！看古代高人如何运筹帷幄、纵横捭阖！“看懂世界格局”系列畅销书作者王伟全新力作！一部以“察盛衰之理，审权势之宜，观驭人之术，思成事之道”为宗旨、以解开权力运行的法则和密码为目标，从经济学角度解析历史事件的全新历史作品。\n\n从大禹治水到刘邦建汉，权力的演变、制度的变革，做事之道、用人之法，一切尽在“权利密码”中。且看古代高人如何运筹帷幄、纵横捭阖，成就千古令名。\n\n身为读者的我们，也将学会用经济学的思维破解政治智慧、分析当前政治经济形势，看懂复杂的社会变革、经济演变，从而为人生道路的选择提供有益的参考。",
    "readCount": "1.2万",
    "iconUrl": "https://easyreadfs.nosdn.127.net/1pUvVj8NpRD5CZX-vFEFIg==/8796093024504102260",
    "payType": 2,
    "sourceUrl": "/source/b83d2796c085487ca7211992a920692c_4",
    "createBy": 0,
    "free4LimitedTime": false,
    "showTotalCount": "11.4万"
  }, {
    "bookStatus": 1,
    "author": "马薇薇,邱晨,周玄毅,黄执中,胡渐彪",
    "category": "人际交往",
    "title": "好好说话2：简单有效的高情商沟通术",
    "cmReadBook": false,
    "description": "这是一本可以给你带来成长和改变的书。\n\n人要说话，因为人想接触人，想认识人，想关心人，想改变人。这是说话的本质，也是人与人之间的本质。我们希望，当你看过本书后，无论遇到任何困难，无论问题大小，无论身在何处，只要你渴望表达，想借助沟通传递情感，化解矛盾和尴尬，都可以随时拿起它，或想起书中的只言片语。",
    "readCount": "6352",
    "iconUrl": "https://easyreadfs.nosdn.127.net/w1CPdSdIM0JirpK0XVULsg==/8796093024511496965",
    "payType": 2,
    "sourceUrl": "/source/b5c4486d5e3f40e09232e018de55a8b6_4",
    "createBy": 0,
    "free4LimitedTime": false,
    "showTotalCount": "12.3万"
  }, {
    "bookStatus": 1,
    "author": "【以色列】尤瓦尔·赫拉利",
    "category": "社会学",
    "title": "未来简史：从智人到神人",
    "cmReadBook": false,
    "description": "进入21世纪后，曾经长期威胁人类生存、发展的瘟疫、饥荒和战争已经被攻克，智人面临着新的待办议题：永生不老、幸福快乐和成为具有“神性”的人类。在解决这些新问题的过程中，科学技术的发展将颠覆我们很多当下认为无需佐证的“常识”，比如人文主义所推崇的自由意志将面临严峻挑战，机器将会代替人类做出更明智的选择。 \r\n\r\n更重要的，当以大数据、人工智能为代表的科学技术发展的日益成熟时，人类将面临着从进化到智人以来最大的一次改变，绝大部分人将沦为“无价值的群体”，只有少部分人能进化成特质发生改变的 “神人”。 \r\n\r\n未来，人类将面临着三大问题：生物本身其实就是算法，生命是不断处理数据的过程；意识与智能的分离；拥有大数据积累的外部环境将比我们自己更了解自己。如何看待这三大问题，以及如何采取应对措施，将直接影响着人类未来的发展。",
    "readCount": "28.2万",
    "iconUrl": "https://easyreadfs.nosdn.127.net/S_u4s1Iu8vXMtPPTZa0ZXA==/8796093023901835288",
    "payType": 2,
    "sourceUrl": "/source/d74571d8ee784a3393b5604b65ed45d9_4",
    "createBy": 0,
    "free4LimitedTime": false,
    "showTotalCount": "31.6万"
  }, {
    "bookStatus": 1,
    "author": "【以色列】尤瓦尔·赫拉利",
    "category": "社会学",
    "title": "人类简史：从动物到上帝",
    "cmReadBook": false,
    "description": "《人类简史： 从动物到上帝》是以色列新锐历史学家的一部重磅作品。\r\n\r\n从十万年前有生命迹象开始到21世纪资本、科技交织的人类发展史。十万年前，地球上至少有六个人种，为何今天却只剩下了我们自己？我们曾经只是非洲角落一个毫不起眼的族群，对地球上生态的影响力和萤火虫、猩猩或者水母相差无几。为何我们能登上生物链的顶端，最终成为地球的主宰？ \r\n\r\n从认知革命、农业革命到科学革命，我们真的了解自己吗？我们过得更加快乐吗？我们知道金钱和宗教从何而来，为何产生吗？人类创建的帝国为何一个个衰亡又兴起？\r\n\r\n为什么地球上几乎每一个社会都有男尊女卑的观念？为何一神教成为为广泛接受的宗教？科学和资本主义如何成为现代社会重要的信条？理清影响人类发展的重大脉络，挖掘人类文化、宗教、法律、国家、信贷等产生的根源。\r\n\r\n这是一部宏大的人类简史，更见微知著、以小写大，让人类重新审视自己。",
    "readCount": "6.5万",
    "iconUrl": "https://easyreadfs.nosdn.127.net/RRZV5SGq5kT6ov8dMgjKmg==/8796093023360834133",
    "payType": 2,
    "sourceUrl": "/source/1c6c9f350bec4764aed4f53ac4193523_4",
    "createBy": 0,
    "free4LimitedTime": false,
    "showTotalCount": "26.7万"
  }, {
    "bookStatus": 1,
    "author": "金庸",
    "category": "武侠小说",
    "title": "笑傲江湖（新修版）（全四册）",
    "cmReadBook": false,
    "description": "《笑傲江湖》是金庸1967年写的一部武侠小说，1967年4月20日至1969年10月12日连载于《明报》。\r\n\r\n《笑傲江湖》属于金庸的后期作品，其叙事状物，已到炉火纯青、出神入化的境界。书中所涉及的场景、人物以及各类武林人物交手搏斗的场面不可胜数，但历历写来，景随情转，变化无穷而皆能贴合生活。\r\n\r\n《笑傲江湖》的主线是武林争霸夺权，为了达到目的，夺取《辟邪剑谱》和《葵花宝典》，最后两派都败在《辟邪剑谱》和《葵花宝典》上。\r\n\r\n《笑傲江湖》系海外新派武侠小说代表作之一，其不仅靠跌宕起伏、波谲云诡的情节引人入胜，更能于错综复杂的矛盾冲突中刻画人物性格，塑造出数十个个性鲜明、生动感人的文学形象。如豁达不羁、舍生取义的令狐冲；娇美慧黠、挚情任性的任盈盈；阴鸷狡诈、表里不一的岳不群；桀骜不驯、老谋深算的任我行；冰清玉洁、相思痴恋的仪琳；虚怀若谷、萧条离奇的冲虚以及逃避纷争、寄情于各自喜好的“江南四友”，打诨插科的“桃谷六仙”，皆可为武侠小说的人物画廊增添异彩。\r\n\r\n作品所高扬侠义、仁爱、富贵不淫、威武不屈的高尚精神对今人仍有强烈的感召力。",
    "readCount": "6606",
    "iconUrl": "https://easyreadfs.nosdn.127.net/fSXgyZ9WBnJXZyW1OUW1Kg==/8796093024307544194",
    "payType": 2,
    "sourceUrl": "/source/de70f4aabb4c41108bfd78e72dcfc04e_4",
    "createBy": 0,
    "free4LimitedTime": false,
    "showTotalCount": "99.5万"
  }, {
    "bookStatus": 1,
    "author": "【日】东野圭吾",
    "category": "外国小说",
    "title": "解忧杂货店",
    "cmReadBook": false,
    "description": "僻静的街道旁有一家杂货店，只要写下烦恼投进店前门卷帘门的投信口，第二天就会在店后的牛奶箱里得到回答：因男友身患绝症，年轻女孩静子在爱情与梦想间徘徊；克郎为了音乐梦想离家漂泊，却在现实中寸步难行；少年浩介面临家庭巨变，挣扎在亲情与未来的迷茫中……\r\n\r\n他们将困惑写成信投进杂货店，奇妙的事情随即不断发生。生命中的一次偶然交会，将如何演绎出截然不同的人生？",
    "readCount": "101.2万",
    "iconUrl": "https://easyreadfs.nosdn.127.net/SmO4CW8UG3Dt26BjKRzSJA==/8796093023506640543",
    "payType": 2,
    "sourceUrl": "/source/e58b1b4e46bd4b998ed47d5246096b4c_4",
    "createBy": 0,
    "free4LimitedTime": false,
    "showTotalCount": "15.8万"
  }, {
    "bookStatus": 1,
    "author": "【美】苏珊·福沃德,【美】克雷格·巴克,黄姝,王婷",
    "category": "心理学",
    "title": "原生家庭：如何修补自己的性格缺陷",
    "cmReadBook": false,
    "description": "不健康的家庭体系，就像高速公路上的连环追尾，其恶劣影响会代代相传！\n\n这是一部振聋发聩的家庭心理疗伤经典之作。苏珊·福沃德博士通过工作中接触到的大量真实素材，分析了不健康的原生家庭是如何伤害子女，并特续影响子女成年后的生活的。\n\n难能可贵的是，作者的主旨并不在于控诉这样的父母，而在于传授具体的对策，使那些受过或仍在承受父母伤害的人们获得勇气和力量，从与父母的负面关系模式中解脱，恢复自信和力量，得到自由和幸福。",
    "readCount": "1.1万",
    "iconUrl": "https://easyreadfs.nosdn.127.net/KHN4lUubzywdi7da-KFkGw==/8796093024474710880",
    "payType": 2,
    "sourceUrl": "/source/f83e427460fa4cf0ad29821f857a8fcf_4",
    "createBy": 0,
    "free4LimitedTime": false,
    "showTotalCount": "16.4万"
  }, {
    "bookStatus": 1,
    "author": "武志红",
    "category": "心理学",
    "title": "为何你总是会受伤",
    "cmReadBook": false,
    "description": "武志红老师从事心理学事业25年来，一直都非常关注当下人们的心理状态与变化，并为此做了大量的调查、研究工作，以心理学微观角度，从当事人的童年家庭关系中找到深层答案：一个人之所以出现会绝望、愤怒，多数都是因为他受伤太重。而心理治疗中发挥作用的，主要是爱的力量。\n\n我们必须自己去寻找人生的答案，我们首先要将自己当成一个人，也要将别人当成一个人。你必须自己开始。假如你自己不以积极的爱去深入生存，假如你不以自己的方式去为自己揭示生存的意义，那么对你来说，生存就依然是没有意义的。\n\n我们必须找到一条新的道路，能激发“促进生命的”热情，比以前更能感觉到生命活力与人格完整，觉得活得更有意义。",
    "readCount": "1.2万",
    "iconUrl": "https://easyreadfs.nosdn.127.net/0JS8p17ExtOS9pbRRmZ6Bw==/8796093024475244735",
    "payType": 2,
    "sourceUrl": "/source/5a468f8f7ddf464cb1c7a000bf6a50d1_4",
    "createBy": 0,
    "free4LimitedTime": false,
    "showTotalCount": "9.6万"
  }, {
    "bookStatus": 1,
    "author": "金庸",
    "category": "武侠小说",
    "title": "神雕侠侣（新修版）（一）",
    "cmReadBook": false,
    "description": "南宋末年，江南少年杨过自小父母双亡，被父亲生前结义兄弟、江湖上有名的大侠郭靖送到天下道教正宗的全真教去学武。全真教教规森严，天性叛逆的杨过在教中吃尽苦头，忍无可忍，终于逃出全真教。被活死人墓中的小龙女收留为徒。\n\n师徒二人在墓中一起练武、一起长大，渐生情愫。但师徒通婚违背宋朝礼教，二人爱情不能为世俗所容，其间尝尽聚合离散之苦，杨过更得知了父亲身死的真相，但在国仇家恨的权衡中明白了更多。杨龙二人的感情一再波折，最终分离十六年。二人十六年后重逢，无限欣喜……\n\n杨过带着小龙女离开深渊，前往襄阳。杨过以高强武功，于万军之中杀死蒙古皇帝，蒙古大军顿时崩溃，在襄阳就要失守时解了襄阳十六年的围困。经此一役，神雕侠侣天下扬名，杨过却带着小龙女悄然隐退……",
    "readCount": "1.3万",
    "iconUrl": "https://easyreadfs.nosdn.127.net/GhkhjuXR4c4VLy3Y13p5ig==/8796093024014925474",
    "payType": 2,
    "sourceUrl": "/source/d3985400d3e24f34b72b0da249914348_4",
    "createBy": 0,
    "free4LimitedTime": false,
    "showTotalCount": "24.8万"
  }, {
    "bookStatus": 1,
    "author": "【美】迈克尔·加扎尼加,罗路",
    "category": "心理学",
    "title": "双脑记：认知神经科学之父加扎尼加自传",
    "cmReadBook": false,
    "description": "在本书中，加扎尼加讲述了自己充满激情的科研人生，以及一段历时半个世纪的探索之旅：大脑的两侧半球是如何分工与合作的，人类的意识又是产生于何处？\n\n加扎尼加以一个关于人类意识本质的伟大发现为背景，以“科研是如何做成的”为主题，为我们讲述了一个关于科学、友谊、人生的迷人故事。",
    "readCount": "6339",
    "iconUrl": "https://easyreadfs.nosdn.127.net/UqfrbE1PXXwUp-0jiFut6A==/8796093024461152367",
    "payType": 2,
    "sourceUrl": "/source/f182bcf26ef94870bde6a41e42e68564_4",
    "createBy": 0,
    "free4LimitedTime": false,
    "showTotalCount": "26.8万"
  }, {
    "bookStatus": 1,
    "author": "霍达",
    "category": "社会小说",
    "title": "穆斯林的葬礼",
    "cmReadBook": false,
    "description": "《穆斯林的葬礼》是一部长篇小说，一个穆斯林家族，六十年间的兴衰，三代人命运的沉浮，两个发生在不同时代、有着不同内容却又交错扭结的爱情悲剧。\n\n两根故事线，一大家子人的悲欢离合，就这样交织重叠地，从作者笔下娓娓流出。“一道门，隔着两个世界。”——一个是玉的世界，一个是月的世界。\n\n霍达用穿插的笔法，写下了如此震撼人心的一部作品，为我们展示了穆斯林独特的风俗习惯和人生历程，描绘了回族人民在“人生的舞台上，悲剧，喜剧，轮番演出，不舍昼夜，无尽无休……”的“演出”，体现了他们生生不息的强大的民族凝聚力和向心力。",
    "readCount": "6.6万",
    "iconUrl": "https://easyreadfs.nosdn.127.net/xDnkUlxfQFzoiW-vVg8VGQ==/8796093024484153324",
    "payType": 2,
    "sourceUrl": "/source/4d41d2fe6a2d4edab7ec7e42053bcd5a_4",
    "createBy": 0,
    "free4LimitedTime": false,
    "showTotalCount": "45.7万"
  }, {
    "bookStatus": 1,
    "author": "【美】弗拉基米尔·纳博科夫,逢珍",
    "category": "外国小说",
    "title": "纳博科夫短篇小说全集",
    "cmReadBook": false,
    "description": "《纳博科夫短篇小说全集》是文学大师纳博科夫的短篇小说作品在国内首次完整结集。68则风格各异的短篇小说，由纳博科夫之子德米特里按照年代顺序编辑而成。\n\n夜晚书桌前的男人被一位不速之客惊扰，原来是来自故乡的木精灵；失散已久的儿子与母亲重逢，却现身在无比尴尬的时刻；名为“剃刀”的流亡理发师给曾经迫害过他的男人刮脸；新郎在蜜月结束后不得不向岳父报告新娘的死讯；羞涩的梦想家与恶魔做了灵魂的交易……\n\n在这些幽暗而充满魔力的故事中，纳博科夫完美展现了令人眼花缭乱的小说技法，天马行空的想象和智力游戏，以及对生命中无从躲避的暧昧和失落的迷人洞察，被称为“英语文学的奇迹”。",
    "readCount": "1.3万",
    "iconUrl": "https://easyreadfs.nosdn.127.net/YW1yeKqSfoZftkpZt6CyzQ==/8796093024425061245",
    "payType": 2,
    "sourceUrl": "/source/d43e9d170f9d4877a5d997a4a5c79077_4",
    "createBy": 0,
    "free4LimitedTime": false,
    "showTotalCount": "55.6万"
  }, {
    "bookStatus": 1,
    "author": "老舍",
    "category": "历史小说",
    "title": "四世同堂：足本：全三册",
    "cmReadBook": false,
    "description": "《四世同堂》系老舍先生的代表作，分为《惶惑》《偷生》《饥荒》三部，是老舍创作生涯中最具代表性的作品之一。它表现了抗战期间北平沦陷区普通民众生活与抗争，展示了普通人在大时代历史进程中所走过的艰难曲折的道路。",
    "readCount": "5310",
    "iconUrl": "https://easyreadfs.nosdn.127.net/yniy79AEVMYand_I-rYdyw==/8796093024503051381",
    "payType": 2,
    "sourceUrl": "/source/1b6079fe25e84749a6ce4fa545672ea8_4",
    "createBy": 0,
    "free4LimitedTime": false,
    "showTotalCount": "74.3万"
  }, {
    "bookStatus": 1,
    "author": "【美】傅高义",
    "category": "历史小说",
    "title": "邓小平时代",
    "cmReadBook": false,
    "description": "邓小平深刻影响了中国历史和世界历史的走向，也改变了每一当代中国人的命运。解读邓小平的政治生涯及其行为逻辑，就是解读当代中国，解读个人命运背后的历史变局。\n\n哈佛大学傅高义教授倾十年心力完成的权威巨著《邓小平时代》，是对邓小平跌宕起伏的一生以及中国惊险崎岖的改革开放之路的全景式描述。作者对邓小平个人性格及执政风格进行了深层分析，并对中国改革开放史进行了完整而独到的阐释。\n\n书中涵盖丰富的中外档案资料和研究成果，以及为数众多的作者独家访谈。对中美建交、华国锋历史评估、改革开放的幕后曲折、邓小平和诸多当时关键人物之关系、香港问题、邓小平南巡等重大议题均有详述及剖析。\n\n本书既具学院研究的严谨专精，又对中国现实政治与事理人情有透彻把握，被誉为邓小平研究“纪念碑式”的著作。",
    "readCount": "6.8万",
    "iconUrl": "https://easyreadfs.nosdn.127.net/Q9XQsSQlGlAqhBc-Sp_Tng==/8796093024506833675",
    "payType": 2,
    "sourceUrl": "/source/671f98b7d22e4c72b0bd31a0a8f09982_4",
    "createBy": 0,
    "free4LimitedTime": false,
    "showTotalCount": "47.8万"
  }, {
    "bookStatus": 1,
    "author": "辛夷坞",
    "category": "言情小说",
    "title": "原来你还在这里（杨子姗、韩东君主演同名影视原著）",
    "cmReadBook": false,
    "description": "一场猝不及防的分手，一场蓄谋已久的重逢。\r\n\r\n你心中是否也有这样一个人？他离开后，生活还在继续，他留下的痕迹被平淡的日子逐渐抹去。你很少想起他，没有他也能过得很好。然而在那些个猝不及防的梦里，他又出现在你的身边，第一次说出分别后的悔意，你面带胜利者的笑容转身，醒来后却只想痛哭一场。\r\n\r\n苏韵锦忘不了程铮，正如程铮忘不了苏韵锦。遥远而明媚的青春年华里，莽撞少年向羞涩少女第一次笨拙地表达他说不出口的爱意。一直以来，他们都在玩一场你追我逃的游戏，她希望他放开自己，然而当他真正松开手，她比谁都疼。\r\n\r\n谁说灰姑娘都在等待那只水晶鞋，就算找到王子，还是要走进童话里从未提及的平凡生活。你要挨得过几次天崩地裂的折磨，才能抵达天荒地老的幸福？我们在太年轻的时候遇见，除了爱，一无所知。\r\n\r\n所以弄丢了对方。所以更懂得爱。",
    "readCount": "14.5万",
    "iconUrl": "https://easyreadfs.nosdn.127.net/YtlA0hYJ2-_2nf2yUEQZWg==/8796093023953663541",
    "payType": 2,
    "sourceUrl": "/source/4a36d1c35860455a929cc28d5fcf8355_4",
    "createBy": 0,
    "free4LimitedTime": false,
    "showTotalCount": "21.3万"
  }, {
    "bookStatus": 1,
    "author": "【美】埃里克·马瑟斯,袁国忠",
    "category": "程序编程",
    "title": "Python编程：从入门到实践",
    "cmReadBook": false,
    "description": "本书是一本针对所有层次的Python读者而作的Python入门书。全书分两部分：第一部分介绍用Python编程所必须了解的基本概念，包括matplotlib、NumPy和Pygal等强大的Python库和工具介绍，以及列表、字典、if语句、类、文件与异常、代码测试等内容；\n\n第二部分将理论付诸实践，讲解如何开发三个项目，包括简单的Python2D游戏开发，如何利用数据生成交互式的信息图，以及创建和定制简单的Web应用，并帮读者解决常见编程问题和困惑。\n\n本书适合对Python感兴趣的任何层次的读者阅读。",
    "readCount": "1.2万",
    "iconUrl": "https://easyreadfs.nosdn.127.net/CWaonI3lf-JM5mWAidpoGw==/8796093024382016674",
    "payType": 2,
    "sourceUrl": "/source/91310717c3204819ad3cd1dea2f48c19_4",
    "createBy": 0,
    "free4LimitedTime": false,
    "showTotalCount": "41.6万"
  }, {
    "bookStatus": 1,
    "author": "【日】东野圭吾",
    "category": "悬疑推理",
    "title": "恶意",
    "cmReadBook": false,
    "description": "《恶意》是东野圭吾挑战写作极限的长篇杰作，与《白夜行》《嫌疑人X的献身》《解忧杂货店》并称东野圭吾四大杰作。《恶意》深刻揭示人性，故事中无边的恶意深不见底，有如万丈深渊，让人不寒而栗。读完《恶意》，才算真正认识东野圭吾。《纽约时报》称“《恶意》再次展现了东野圭吾对小说的掌控，比起黄金周期间东京的高速公路，《恶意》有更多的纠结、变道和反转。”知名学者止庵认为“《恶意》作为一部推理小说，极尽曲折复杂周密；同时又深刻揭示了人性，达到很多纯文学作品未能达到的深度”。",
    "readCount": "9.3万",
    "iconUrl": "https://easyreadfs.nosdn.127.net/bULJI8FiioD9MQVEcnrowg==/8796093023506668303",
    "payType": 2,
    "sourceUrl": "/source/0f52d913be594e679b9f77c2f7eea3bd_4",
    "createBy": 0,
    "free4LimitedTime": false,
    "showTotalCount": "11.8万"
  }, {
    "bookStatus": 1,
    "author": "钱锺书",
    "category": "现当代文学",
    "title": "围城",
    "cmReadBook": false,
    "description": "《围城》是钱钟书所著的长篇小说，是中国现代文学史上一部风格独特的讽刺小说。被誉为“新儒林外史”。描写民国时期知识分子的灰色生活和爱情。",
    "readCount": "2万",
    "iconUrl": "https://easyreadfs.nosdn.127.net/KlSlGJ8rysg3Yw_HX89_OQ==/8796093024502446997",
    "payType": 2,
    "sourceUrl": "/source/7b27fa07add14322b8d113e7f9790f86_4",
    "createBy": 0,
    "free4LimitedTime": false,
    "showTotalCount": "24万"
  }]
}
