{
  "data": [{
    "bookStatus": 0,
    "author": "我自对天笑",
    "category": "都市",
    "title": "绝世高手",
    "cmReadBook": false,
    "description": "雇佣兵王陈扬回归都市，只为保护战友的女神妹妹。繁华都市里，陈扬如鱼得水，逍遥自在。且看一代兵王如何用铁拳和智慧打下一片商业帝国……欲了解四帝更多故事，请微信公众号搜索天道盟。",
    "readCount": "88.2万",
    "iconUrl": "https://easyreadfs.nosdn.127.net/xD6vzAYs8n3BxwcBASBjfQ==/8796093023888881290",
    "payType": 1,
    "sourceUrl": "/source/9cc63831542a4bd5aca2c6e4ca7bd05b_4",
    "createBy": 1,
    "free4LimitedTime": false,
    "showTotalCount": "795.3万"
  }, {
    "bookStatus": 0,
    "author": "大红大紫",
    "category": "都市",
    "title": "都市之最强狂兵",
    "cmReadBook": false,
    "description": "国之重器，猛虎出笼！亦正亦邪的他注定有着无法平淡的命运！身负枷锁执掌生杀命轮！他身立潮头一生高唱大风！\r\n只装最牛的逼，只踩最狠的人！他一生辉煌，彪悍铸就，舞练长空！！！\r\n大红大紫出品必属精品，有多本完本经验，请放心阅读！！！",
    "readCount": "29.4万",
    "iconUrl": "https://easyreadfs.nosdn.127.net/sJjtyAEG82BGp4UIaUVbjA==/8796093024476681623",
    "payType": 1,
    "sourceUrl": "/source/bd_7c778c929b8e468281e643953b849277_4",
    "createBy": 1,
    "free4LimitedTime": false,
    "showTotalCount": "573.1万"
  }, {
    "bookStatus": 0,
    "author": "金元宝本尊",
    "category": "都市",
    "title": "捡漏",
    "cmReadBook": false,
    "description": "　　一眼百年，重生都市。\r\n　　盛世华章，古董收藏。\r\n　　秦碑周彝，金石字画。\r\n　　青铜青花，翡翠美玉。\r\n    天下奇珍，尽在我手。\r\n    重生归来的金锋在现代都市，凭借神乎其技的鉴宝本领，一步步走向巅峰。\r\n    发扬民族最传统的文化，传承千年最完整的文明。",
    "readCount": "55.8万",
    "iconUrl": "https://easyreadfs.nosdn.127.net/KC_bpt-XVm6czpIdA_HZIQ==/8796093024234374363?param=200x0&type=1.jpg",
    "payType": 1,
    "sourceUrl": "/source/bd_41cccdb3f7324293b127e1c6d458ebc8_4",
    "createBy": 1,
    "free4LimitedTime": false,
    "showTotalCount": "501.8万"
  }, {
    "bookStatus": 0,
    "author": "黑色枷锁",
    "category": "都市",
    "title": "我的老千生涯",
    "cmReadBook": false,
    "description": "你可以不混社会，但你要懂社会！\r\n\r\n钻石票1000加更。\r\n我的QQ：1951057877\r\n微信：heisejiasuo",
    "readCount": "31.9万",
    "iconUrl": "https://easyreadfs.nosdn.127.net/xNNP3vCEHYU5sdgz-E0QvA==/8796093023187099637?param=200x0&type=1.jpg",
    "payType": 1,
    "sourceUrl": "/source/bd_127d894762e64a82b7154038ad702e65_4",
    "createBy": 1,
    "free4LimitedTime": false,
    "showTotalCount": "883.2万"
  }, {
    "bookStatus": 1,
    "author": "青衫隐",
    "category": "都市",
    "title": "和空姐荒岛求生的日子",
    "cmReadBook": false,
    "description": "飞机失事，我和一群空姐降落在荒岛。 \r\n没有救援，只有层出不穷的危险和敌人。 \r\n与天斗，与地斗，与人斗，其乐无穷。 这是我的荒岛， 我用勇气和智慧，打造我的世界。 \r\n这里，我是王！",
    "readCount": "7.2万",
    "iconUrl": "https://easyreadfs.nosdn.127.net/E9H-ir2HT-abmBGY--6BfA==/8796093023534845399?param=200x0&type=1.jpg",
    "payType": 1,
    "sourceUrl": "/source/ts_c2be2fc90eca40ff91531291e69a9d81_4",
    "createBy": 1,
    "free4LimitedTime": false,
    "showTotalCount": "108.4万"
  }, {
    "bookStatus": 0,
    "author": "南无袈裟理科佛",
    "category": "悬疑",
    "title": "民国奇人",
    "cmReadBook": false,
    "description": "<p>民国风云变幻，奇人纷呈辈出。</p><p>大乱之世，江湖浩荡，正所谓“天下风云出我辈，民国奇人北斗来”，这七个，乃何人也？</p><p>有个道士，高呼“盛世佛门香火旺，道士修行深山藏；乱世菩萨不开眼，老君背剑救沧桑”，单人一剑一支笔，斩断人间不平事。</p><p>有个和尚，木鱼铜镜，大腹便便，说道：“阿弥陀佛，楼上尼玛的说啥呢？”</p><p>有个船夫，摆渡人间幽暝客。</p><p>有个大拿，整合天下旁门左道，欲成就三百年来第一等的大业，搞点事情。</p><p>有个蛊师，傲立苗疆无人敌。</p><p>有个风度翩翩的圆脸少年郎，纵身花丛，对人曰：“少年倘若不骄狂，白来世间走一场。”</p><p>最后的最后，还有个小木匠。</p><p>此上七人，正所谓点题之纲要，民国奇人也。</p>",
    "readCount": "9.7万",
    "iconUrl": "https://easyreadfs.nosdn.127.net/aMxrwar82k5xrP_6lmU5YQ==/8796093024470011499",
    "payType": 1,
    "sourceUrl": "/source/ca1d2663e1a1467f8e4bd97b57c589d1_4",
    "createBy": 1,
    "free4LimitedTime": false,
    "showTotalCount": "32万"
  }, {
    "bookStatus": 0,
    "author": "貌似纯洁",
    "category": "都市",
    "title": "上门女婿",
    "cmReadBook": false,
    "description": "<p>韩东本身是一个“被”退伍的军人。回到都市后，被迫成为了夏家的上门女婿……</p>",
    "readCount": "19.3万",
    "iconUrl": "https://easyreadfs.nosdn.127.net/iMk9ANNNfywhC7uW7qF2Ww==/8796093023731868824",
    "payType": 1,
    "sourceUrl": "/source/c12eb79336194295bccaf33de02766f1_4",
    "createBy": 1,
    "free4LimitedTime": false,
    "showTotalCount": "209.4万"
  }, {
    "bookStatus": 0,
    "author": "就爱吃海椒",
    "category": "都市",
    "title": "逍遥神医：我的霸道女总裁",
    "cmReadBook": false,
    "description": "上班第一天就和23岁的女老板发生了关系，她发誓要让我跪下唱征服，不择手段要把我拴在身边。\r\n为了挽回一个男人的尊严，我拼了！",
    "readCount": "343万",
    "iconUrl": "https://easyreadfs.nosdn.127.net/rlADb8PF3la8t6uQajRzDg==/8796093023637043053",
    "payType": 1,
    "sourceUrl": "/source/63aa8b1f038944c48d8e3c6b07c255e9_4",
    "createBy": 1,
    "free4LimitedTime": false,
    "showTotalCount": "411.5万"
  }, {
    "bookStatus": 1,
    "author": "李闲鱼",
    "category": "都市",
    "title": "超品透视",
    "cmReadBook": false,
    "description": "人生逆境里，人不如狗。一遭天开眼，透视人间丑恶，美女绝色！玉棺女尸，神秘青铜宝书，古老合金，这背后隐藏着什么秘密？美国CIA，FA自由特工组织，前路艰难险阻，却难挡我脚步。锦绣前程，美人多娇，我注定要成为这个时代的主角！",
    "readCount": "25.7万",
    "iconUrl": "https://easyreadfs.nosdn.127.net/hz8SYcArzBz4JiYKNGzg2w==/8796093023822909948",
    "payType": 1,
    "sourceUrl": "/source/bd_9f116d9bdd094d5abdde111dbde1f79c_4",
    "createBy": 1,
    "free4LimitedTime": false,
    "showTotalCount": "858万"
  }, {
    "bookStatus": 1,
    "author": "梁七少",
    "category": "都市",
    "title": "终极教官",
    "cmReadBook": false,
    "description": "曾经雄霸暗黑世界的王者，再度回归都市，成为富家千金的保镖，拉开了其贴身护美的彪悍人生。看他如何面对整个暗黑世界的血腥报复，能否登上这个世界的巅峰？",
    "readCount": "23.3万",
    "iconUrl": "https://easyreadfs.nosdn.127.net/drb6ACErELR8bQir1lOiXg==/8796093024455942047",
    "payType": 1,
    "sourceUrl": "/source/bd_ceb458ab15d24d5ebdf4447bf3e090b3_4",
    "createBy": 1,
    "free4LimitedTime": false,
    "showTotalCount": "595.6万"
  }, {
    "bookStatus": 0,
    "author": "善良的面具",
    "category": "都市",
    "title": "山村最强小农民",
    "cmReadBook": false,
    "description": "本是山村小农民，谁知化身金疙瘩！董三生是个农村孤儿，生机都成问题，不料夜宿山神庙竟得到神葫芦，从此走上康庄大道！开饭店、建学校、搞投资、办大事……人不能忘本，他扎根农村，誓要做史上最强小农民！不知不觉间，他才发现，身边的美女越来越多，那一双双炙热的眼神，竟让他难以抗拒……",
    "readCount": "2.8万",
    "iconUrl": "https://easyreadfs.nosdn.127.net/S5krpJhXxC6rX-p9oBn1jA==/8796093023519178820?param=200x0&type=1.jpg",
    "payType": 1,
    "sourceUrl": "/source/ts_9ca1fdc5e052442799d769fa560baf67_4",
    "createBy": 1,
    "free4LimitedTime": false,
    "showTotalCount": "368.4万"
  }, {
    "bookStatus": 0,
    "author": "北川",
    "category": "都市",
    "title": "超凡透视",
    "cmReadBook": false,
    "description": "美女，我亲你、摸你不是个人爱好，而是治病需要，还有，这条虫子要咽下去，别恶心，这是巫虫，要收你一万块、不白喂……携上古巫道勇闯花都，帮为美妇熟女减肥、替失眠美女总裁治疗，巫金觉得好辛苦。",
    "readCount": "46万",
    "iconUrl": "https://easyreadfs.nosdn.127.net/Sox_P7bTDwAQwWUAnlHzKg==/8796093023832167783?param=200x0&type=1.jpg",
    "payType": 1,
    "sourceUrl": "/source/ts_d5703676ff7840dc965db5c07086fd2f_4",
    "createBy": 1,
    "free4LimitedTime": false,
    "showTotalCount": "466.4万"
  }, {
    "bookStatus": 0,
    "author": "烈焰滔滔",
    "category": "都市",
    "title": "最强狂兵",
    "cmReadBook": false,
    "description": "一代兵王含恨离开部队，销声匿迹几年后，逆天强者强势回归都市，再度掀起血雨腥风！简单粗暴是我的行事艺术，不服就干是我的生活态度！看顶级狂少如何纵横都市，书写属于他的天王传奇！依旧极爽极热血！",
    "readCount": "182.5万",
    "iconUrl": "https://easyreadfs.nosdn.127.net/mLcH94f3nO9AyMC_G6bQSw==/8796093023270879704",
    "payType": 1,
    "sourceUrl": "/source/bd_368d1292599c41edbea2e464e6c1dbc3_4",
    "createBy": 1,
    "free4LimitedTime": false,
    "showTotalCount": "1068.2万"
  }, {
    "bookStatus": 0,
    "author": "徐公子胜治",
    "category": "都市",
    "title": "方外：消失的八门",
    "cmReadBook": false,
    "description": "<p>惊疲飘册风火爵要，江湖八门展奇技，一门门传承千古的绝学，一处处近在咫尺的城市秘境，现代都市中隐藏的江湖传人，展开生死惊险的奇谋探险！</p>",
    "readCount": "79.9万",
    "iconUrl": "https://easyreadfs.nosdn.127.net/diu0COUUCbn3PM2dNIcRfg==/8796093023763385675",
    "payType": 1,
    "sourceUrl": "/source/b56c5b19afcd40028e2548462221cc81_4",
    "createBy": 1,
    "free4LimitedTime": false,
    "showTotalCount": "147.4万"
  }, {
    "bookStatus": 0,
    "author": "承诺过的伤",
    "category": "都市",
    "title": "都市最强武帝",
    "cmReadBook": false,
    "description": "一觉醒来，杨奇的人生不再平凡，各种美女纷纷闯入他的生活，让他头疼不已。既然抗议无效，那是接受呢？还是接受呢？",
    "readCount": "2.8万",
    "iconUrl": "https://easyreadfs.nosdn.127.net/nIhjD-80cII60Gp6E4XpIw==/8796093023929064390?param=200x0&type=1.jpg",
    "payType": 1,
    "sourceUrl": "/source/ts_c276b8e9afb240a6a905a6b8d5709386_4",
    "createBy": 1,
    "free4LimitedTime": false,
    "showTotalCount": "625.2万"
  }, {
    "bookStatus": 0,
    "author": "木燃",
    "category": "都市",
    "title": "都市逍遥邪医",
    "cmReadBook": false,
    "description": "模特公司打杂穷小子林辰，偶得绝世凶医传承，从此医武无双，能起死回生救济天下，也能化作杀神冲冠一怒为红颜。\r\n\r\n他与日月争辉，向天地夺命，花都逍遥，各色极品美人环绕。\r\n\r\n而这一切，都从那个性感绝美女模特送他一本古书时开始……",
    "readCount": "3.5万",
    "iconUrl": "https://easyreadfs.nosdn.127.net/wqEm1436Pw0-XYUghPT3ow==/8796093024462569879",
    "payType": 1,
    "sourceUrl": "/source/bd_eb9815bc73854ec1b72bcda65c9f9f28_4",
    "createBy": 1,
    "free4LimitedTime": false,
    "showTotalCount": "521.8万"
  }, {
    "bookStatus": 0,
    "author": "我本疯狂",
    "category": "都市",
    "title": "一世兵王",
    "cmReadBook": false,
    "description": "他是国之利刃，也是令各国地下势力闻风丧胆的华夏龙王！他有一个名动京城的未婚妻，一个个人间尤物，却相继出现在他的身边，诱惑不断，他是来者不拒，还是弱水三千，只取一瓢？他离开军营，归隐花都，怎奈树欲静而风不止，各方势力来势汹汹，草莽权贵虎视眈眈，他该如何应对？“动我亲友者，势必清算；犯我华夏者，虽远必诛！”——秦风。",
    "readCount": "3.5万",
    "iconUrl": "https://easyreadfs.nosdn.127.net/4gKn4FacPoOPADbucnrRgw==/8796093024162192329?param=200x0&type=1.jpg",
    "payType": 1,
    "sourceUrl": "/source/ts_1f04753866c748deb6df1508b5337f34_4",
    "createBy": 1,
    "free4LimitedTime": false,
    "showTotalCount": "263万"
  }, {
    "bookStatus": 1,
    "author": "陈行者",
    "category": "都市",
    "title": "一号狂兵",
    "cmReadBook": false,
    "description": "★一代钢铁狂兵，卷土重回都市！喝最烈的酒，踩最狂的反派，征服最美的女人！",
    "readCount": "4.8万",
    "iconUrl": "https://easyreadfs.nosdn.127.net/VSrMFcEXHEU8MtCCJqh42g==/8796093024234322039?param=200x0&type=1.jpg",
    "payType": 1,
    "sourceUrl": "/source/bd_b35ba42bc4cd4a4ab6351dc0449404b2_4",
    "createBy": 1,
    "free4LimitedTime": false,
    "showTotalCount": "255.7万"
  }, {
    "bookStatus": 1,
    "author": "乔子轩",
    "category": "悬疑",
    "title": "棺爷",
    "cmReadBook": false,
    "description": "干爹离奇死亡，\r\n尸体被切割成两千多块。\r\n下葬之后，八爷收我为徒！\r\n棺爷由我传承！",
    "readCount": "9802",
    "iconUrl": "https://easyreadfs.nosdn.127.net/V0nvvFdd910NEos69bbIqA==/8796093024138625699?param=200x0&type=1.jpg",
    "payType": 1,
    "sourceUrl": "/source/bd_b82f95697ffd4df6aa07b3c91be40f2b_4",
    "createBy": 1,
    "free4LimitedTime": false,
    "showTotalCount": "312.1万"
  }, {
    "bookStatus": 0,
    "author": "勿小悟",
    "category": "都市",
    "title": "回到地球当神棍",
    "cmReadBook": false,
    "description": "他，曾经失踪八年。可没有人想到，他是穿越到了异界，并且修炼了八千年！\r\n他，拐跑了豪门千金。可没有人想到，他在拐跑千金的同时，顺便灭了人家的无良未婚夫。\r\n他，在寻找妹妹。可没有人想到，他在找妹妹的过程中，同时干翻了地球上的所有大势力。\r\n他能炼丹，会打架，若是有人惹了他……",
    "readCount": "8万",
    "iconUrl": "https://easyreadfs.nosdn.127.net/bHmHJGnmr66ELa4NeiI_Yg==/8796093024230608646?param=200x0&type=1.jpg",
    "payType": 1,
    "sourceUrl": "/source/bd_70f9eba7a29e4baca88db008717a30d9_4",
    "createBy": 1,
    "free4LimitedTime": false,
    "showTotalCount": "411.5万"
  },{
    "bookStatus": 0,
    "author": "橙色龙卷风",
    "category": "都市",
    "title": "私房小木匠",
    "cmReadBook": false,
    "description": "坏蛋学生回家待学期间，无意中偷窥到村长老婆洗澡，获得木皇心经，掌握“春气”的奥秘，陆军发现，自己掌握的春气，不但可以征服村里那些留守少妇，娇艳村花，还能俘获学校里那些女教师的芳心。把风华绝代的班主任变成自己的枕边女友，这个邪恶念头让陆军鸡冻了……",
    "readCount": "6.2万",
    "iconUrl": "https://easyreadfs.nosdn.127.net/iM1544yucIkZuGvZq7nkBQ==/8796093024515036983?param=200x0&type=1.jpg",
    "payType": 1,
    "sourceUrl": "/source/bd_612570ec82dc44d7a26007bb3155f2db_4",
    "createBy": 1,
    "free4LimitedTime": false,
    "showTotalCount": "375.2万"
  }, {
    "bookStatus": 0,
    "author": "第一神",
    "category": "玄幻",
    "title": "万古天帝",
    "cmReadBook": false,
    "description": "天界第一战神，却因功高震主，遭挚爱背叛，死于洞房之夜。\r\n\r\n聂天重生百年之后，再不做殿下之臣！\r\n\r\n破苍穹，逆乾坤，凌万天，踏万界！\r\n开启一场与当世天才争锋角逐的逆天之旅。\r\n\r\n这一世，我要创造我的世界！\r\n这一世，我要成为万古天帝！\r\n\r\n这一世，我要主宰天界神域！",
    "readCount": "25.1万",
    "iconUrl": "https://easyreadfs.nosdn.127.net/3U7w8Hk_fuQquAw_K9z-DA==/8796093023464748268",
    "payType": 1,
    "sourceUrl": "/source/bd_e3ffda39745d494fbbff1907ab8c9d05_4",
    "createBy": 1,
    "free4LimitedTime": false,
    "showTotalCount": "955.4万"
  }, {
    "bookStatus": 1,
    "author": "道门弟子",
    "category": "都市",
    "title": "赌石高手",
    "cmReadBook": false,
    "description": "巨商富二代一夜变成落魄少爷，唐大少背负起家族巨债，在惊心动魄的赌石中竟然赚取到了千万巨资，不仅帮助父亲重振家业，更是成为了赌石界的传奇高手。\r\n而这一切成功的秘密，只有他自己一个人知道。",
    "readCount": "166万",
    "iconUrl": "https://easyreadfs.nosdn.127.net/zC-bK4Wl5afRyWrSZwytXg==/7917037873850099328",
    "payType": 1,
    "sourceUrl": "/source/bd_4a38c7625fbb454f8d3a147f664f23ca_4",
    "createBy": 1,
    "free4LimitedTime": false,
    "showTotalCount": "505万"
  }, {
    "bookStatus": 0,
    "author": "秋天的竹笋",
    "category": "都市",
    "title": "村长的后院",
    "cmReadBook": false,
    "description": "村长官虽小，可手握一方土地，权势不小。村长的后院妙事多，当不良少年发现了村长后院的秘密之后，他的生活便多姿多彩起来，从此这个满是俏妇艳女的村子里便接二连三响起了原始而又美妙的声音……",
    "readCount": "14.9万",
    "iconUrl": "https://easyreadfs.nosdn.127.net/Nu8j32_CXz7TSRZd365fBQ==/7916788284708166511",
    "payType": 1,
    "sourceUrl": "/source/d4110d755dc141aeaaeb59e936dee75b_4",
    "createBy": 1,
    "free4LimitedTime": false,
    "showTotalCount": "245万"
  }, {
    "bookStatus": 0,
    "author": "六界三道",
    "category": "玄幻",
    "title": "仙武帝尊",
    "cmReadBook": false,
    "description": "九千年前，仙武帝尊率领百万神将打入太古洪荒，却无一人归来，只有一缕真火遗留世间。\n九千年后，门派废徒叶辰，被赶出宗门，无以为家，机缘巧合之下偶得真火，再踏仙武之路。\n这是一个神魔仙佛并立的世界，这是一个诸天万域混乱的年代，叶辰的逆天征途，由此开始。",
    "readCount": "7.4万",
    "iconUrl": "https://easyreadfs.nosdn.127.net/ysPLFESFDFZPvdZnSmy6yA==/8796093024396399652?param=200x0&type=1.jpg",
    "payType": 1,
    "sourceUrl": "/source/bd_ce3159bc08db45a19f25803afad8fd4a_4",
    "createBy": 1,
    "free4LimitedTime": false,
    "showTotalCount": "505.7万"
  }, {
    "bookStatus": 0,
    "author": "西域刀客",
    "category": "悬疑",
    "title": "天命神相",
    "cmReadBook": false,
    "description": "这个世界是从无到有，从一开始的！\r\n所以老子曰：道生一，一生二，二生三，三生万物！\r\n从我的名字叫姜一的那一刻，我的命运就早已注定！\r\n尤其是我十八岁生日那天用祖传的相术给同学看了个相之后，我的世界观彻底的改变了......",
    "readCount": "5.7万",
    "iconUrl": "https://easyreadfs.nosdn.127.net/vfrLSziTvryiKmIOUJ92qA==/8796093022545179296?param=200x0&type=1.jpg",
    "payType": 1,
    "sourceUrl": "/source/bd_eede9f2ca5af4f8a998c67ac2b1e82e3_4",
    "createBy": 1,
    "free4LimitedTime": false,
    "showTotalCount": "721.9万"
  }, {
    "bookStatus": 1,
    "author": "南无袈裟理科佛",
    "category": "悬疑",
    "title": "夜行者：平妖二十年",
    "cmReadBook": false,
    "description": "“苗疆三部曲”作者南无袈裟理科佛新作。\n“人之假造为妖，物之性灵为精，人魂不散为鬼。天地乖气，忽有非常为怪，神灵不正为邪，人心癫迷为魔，偏向异端为外道。”\n南漂青年侯漠，在98年的一次变故之中，发现自己身上藏着夜行者的血脉，而且还是十分特殊的“灵明石猴”，这是一种遭受上天诅咒的血脉，有着活不过三十的基因缺陷，为了活下去，他不得不从踏入那个前所未闻的江湖岁月，拼命挣扎。\n七大妖穴、游侠联盟、民国十大高手与清朝遗老的恩怨、诡异纷繁的民间传说和让人为之心悸的乡野秘闻，城市之中的迷藏，还有最骇人听闻的黄泉引，你有所耳闻却从未了解过的真相，所有一切，尽在《夜行者：平妖二十年》！",
    "readCount": "128.1万",
    "iconUrl": "https://easyreadfs.nosdn.127.net/z5V2IxawI2_VQ_JJ3XQuTA==/8796093023793847094",
    "payType": 1,
    "sourceUrl": "/source/238824785e3d40f1abcd592d8a609225_4",
    "createBy": 1,
    "free4LimitedTime": false,
    "showTotalCount": "222.6万"
  }, {
    "bookStatus": 0,
    "author": "松海听涛",
    "category": "都市",
    "title": "美女总裁的贴身保镖",
    "cmReadBook": false,
    "description": "<p>初入红尘的一代兵王，身负绝顶战力，却给冷艳总裁做司机，帮美女护士当保镖，偶尔挑逗下暴力女警花。他身穿大背心脚踏凉拖鞋，是装傻充愣还是无知无畏？</p><p>万花丛中却犹记美女师傅，是风流成性还是痴情种子，看兵王叶鹏飞如何奏响真男人纯爷们凯歌。。。</p>",
    "readCount": "54.9万",
    "iconUrl": "https://easyreadfs.nosdn.127.net/BmadJuo77KjsCY4dsaSrnQ==/8796093022757381116",
    "payType": 1,
    "sourceUrl": "/source/e87c495329744867887476ae526ee1ae_4",
    "createBy": 1,
    "free4LimitedTime": false,
    "showTotalCount": "509.6万"
  }, {
    "bookStatus": 0,
    "author": "小脚儿",
    "category": "历史",
    "title": "大明厂督",
    "cmReadBook": false,
    "description": "<p>大明天启三年，大太监魏忠贤把持朝政，东林党人和魏忠贤针锋相对势不两立。而我则变成了魏忠贤的侄孙……本书是小说，不是史记！吹毛求疵的请绕行！　书友群：179189503可以和作者负距离亲密哟ps:书评貌似没法置顶，就只能在这里说一些相关的事情了——如果文中有错误地方，请大家及时指出，只要是书评我都会一一查看并且修改。ps2:一本小说的成长与读者的督促离不开。　</p>",
    "readCount": "150.3万",
    "iconUrl": "https://easyreadfs.nosdn.127.net/OeZ5fOuvqsqPtmgh9Hx_hg==/8796093023016935727",
    "payType": 1,
    "sourceUrl": "/source/458956528b144c2cb4b4aa68d4618f21_4",
    "createBy": 1,
    "free4LimitedTime": false,
    "showTotalCount": "523.1万"
  }, {
    "bookStatus": 1,
    "author": "可是你不快乐_我也是",
    "category": "都市",
    "title": "与女上司合租的日子",
    "cmReadBook": false,
    "description": "<p>我叫刘芒，但她......哦不，她们，却喜欢叫我流氓。如果你执意叫我流氓，我不介意流给你看。</p><p>傲娇女上司，凶残女警花，温柔女房东，泼辣女明星。</p><p>来吧来吧，看我如何从屌丝过街，变得君临天下！</p>",
    "readCount": "16.6万",
    "iconUrl": "https://easyreadfs.nosdn.127.net/_a1-n1o1Nm3CD-Ryon0wZQ==/8796093023608073723",
    "payType": 1,
    "sourceUrl": "/source/c1729722a6264ea691b9d5f708c4f4cf_4",
    "createBy": 1,
    "free4LimitedTime": false,
    "showTotalCount": "546.8万"
  }, {
    "bookStatus": 1,
    "author": "风流小二",
    "category": "都市",
    "title": "另类保镖：美女总裁爱上我",
    "cmReadBook": false,
    "description": "【年度最畅销的都市大作】叶凌天，神秘部队退伍军人，为了给妹妹凑集五十万的治疗费用不得不给三元集团的千金小姐李雨欣当贴身保镖。且看经历过太多生死的铮铮硬汉叶凌天如何在这个繁华都市里走出属于自己的一条不平凡的路来。",
    "readCount": "286.3万",
    "iconUrl": "https://easyreadfs.nosdn.127.net/xbVMMENLFxyZQopVSBuhhQ==/7917010386057793357",
    "payType": 1,
    "sourceUrl": "/source/a96811e13e9f44f39686b68c8b5310b3_4",
    "createBy": 1,
    "free4LimitedTime": false,
    "showTotalCount": "405.3万"
  }, {
    "bookStatus": 0,
    "author": "我吃大玉米",
    "category": "都市",
    "title": "修仙强者重回都市",
    "cmReadBook": false,
    "description": "当年，叶玄狼狈离去，生死未卜。\n\n     如今，叶玄回来了，当君临天下！\n\n     那些辱我，讽刺我的，讥笑我的，你们的噩梦来了。",
    "readCount": "9035",
    "iconUrl": "https://easyreadfs.nosdn.127.net/2VItwze_BJytmmRdaEDv1w==/8796093024309082211?param=200x0&type=1.jpg",
    "payType": 1,
    "sourceUrl": "/source/bd_8ca72151a71d43c0b3a6d3e7b611c83a_4",
    "createBy": 1,
    "free4LimitedTime": false,
    "showTotalCount": "242.6万"
  }, {
    "bookStatus": 0,
    "author": "花幽山月",
    "category": "都市",
    "title": "我的绝色总裁未婚妻",
    "cmReadBook": false,
    "description": "神秘高手龙潜花都，与冰山美女总裁签订婚约，但无奈被嫌弃。可怜的沈浪，只得外出觅食。 不料一个个美女接踵而至，沈浪陷入各种桃运漩涡。 当然，最主要的还是征服冰山女总裁。不乖？调教一下就好。",
    "readCount": "15.8万",
    "iconUrl": "https://easyreadfs.nosdn.127.net/dVCyEk4qAQXg_08mQDjBYQ==/8796093023512078327?param=200x0&type=1.jpg",
    "payType": 1,
    "sourceUrl": "/source/ts_dc4c1350dbff42f2afa9a103f8449ae2_4",
    "createBy": 1,
    "free4LimitedTime": false,
    "showTotalCount": "632.3万"
  }, {
    "bookStatus": 1,
    "author": "尘醉",
    "category": "都市",
    "title": "重生1999",
    "cmReadBook": false,
    "description": "一个30而废的80后，重生到了1999年。 既然重返青春，那么请让我—— 在黑暗中横行，在光明下闪耀， 在灰暗中游走，在红尘里缠绵。 一部引领热血重生狂潮的小说， 躁起来吧！",
    "readCount": "1.3万",
    "iconUrl": "https://easyreadfs.nosdn.127.net/f4Q0kVdrQ6yl1FWmUDeokA==/8796093024212856712?param=200x0&type=1.jpg",
    "payType": 1,
    "sourceUrl": "/source/ts_5b5981db65224a2d87846b53c08b8364_4",
    "createBy": 1,
    "free4LimitedTime": false,
    "showTotalCount": "194.3万"
  }, {
    "bookStatus": 0,
    "author": "珍爱一生",
    "category": "都市",
    "title": "豪门弃少",
    "cmReadBook": false,
    "description": "<p>　　楚风醒来了，发现自己成了一名豪门望族的弃子，还是被美丽大嫂施展美人计陷害，成为了家族权利角逐的牺牲品。</p><p>家族的打压和追杀无处不在，妹妹高昂的治疗费用，绝美女神级未婚妻一心想要退婚，在这个陌生的世界，楚风该何去何从？</p>",
    "readCount": "8.1万",
    "iconUrl": "https://easyreadfs.nosdn.127.net/Xh4MfvNjoog0xQSjJDHwJA==/8796093022730437931",
    "payType": 1,
    "sourceUrl": "/source/292565f42645462fb5ec2557a7ef1574_4",
    "createBy": 1,
    "free4LimitedTime": false,
    "showTotalCount": "256.5万"
  }, {
    "bookStatus": 0,
    "author": "烽火戏诸侯",
    "category": "玄幻",
    "title": "剑来",
    "cmReadBook": false,
    "description": "大千世界，无奇不有。\r\n我陈平安，唯有一剑，可搬山，倒海，降妖，镇魔，敕神，摘星，断江，摧城，开天！",
    "readCount": "9万",
    "iconUrl": "https://easyreadfs.nosdn.127.net/aP_EfCZMZUnUCQbySMLdqw==/8796093023794011046",
    "payType": 1,
    "sourceUrl": "/source/bd_827e077e0e454550aa78dc2d9a0eb03a_4",
    "createBy": 1,
    "free4LimitedTime": false,
    "showTotalCount": "304万"
  }, {
    "bookStatus": 0,
    "author": "朽木可雕",
    "category": "都市",
    "title": "王牌神医",
    "cmReadBook": false,
    "description": "一个医院的临时工，凭一双妙手逐步成为医学界的传奇！\r\n一个社会底层的小人物，靠一腔热血成为人世间的枭王！\r\n当佛已经无能为力，便由我来普渡众生——杨风。",
    "readCount": "2.6万",
    "iconUrl": "https://easyreadfs.nosdn.127.net/ojQqGbPAjmhLTUizNOnb3g==/8796093024456024359",
    "payType": 1,
    "sourceUrl": "/source/bd_3e20a54b0a06463cb0d1982d37e5e66a_4",
    "createBy": 1,
    "free4LimitedTime": false,
    "showTotalCount": "581.2万"
  }, {
    "bookStatus": 0,
    "author": "刷新",
    "category": "都市",
    "title": "婚路漫漫：妻子的欲望",
    "cmReadBook": false,
    "description": "<p>微信群里面发现有一个小视频里面的女主像极了妻子，她最近变得很奇怪，夜晚下班很晚才回家，穿出去的丝袜没有穿回家……</p>",
    "readCount": "7.6万",
    "iconUrl": "https://easyreadfs.nosdn.127.net/8itFck4gL9PNvDLoqSliOA==/8796093023806399455",
    "payType": 1,
    "sourceUrl": "/source/460060bba9754dbbba1f296690f3ae00_4",
    "createBy": 1,
    "free4LimitedTime": false,
    "showTotalCount": "169.8万"
  }, {
    "bookStatus": 0,
    "author": "零零猫",
    "category": "都市",
    "title": "龙都兵王",
    "cmReadBook": false,
    "description": "<p>落魄小子投身军旅，一朝销声匿迹，再无消息。</p><p>六年之后，却发现当年的女朋友一直在等着自己，从未改变，且，女儿已经五岁。</p><p>得知此消息的铁血战狼毅然决然退伍回乡，而此时，老婆女儿，孤儿寡母，正在饱受水深火热之苦……</p><p>且看脾气火爆的兵王杨辰，如何在都市中守护妻女，翻云覆雨。</p>",
    "readCount": "2.6万",
    "iconUrl": "https://easyreadfs.nosdn.127.net/DCtqwH5YB3oVnX_wZQMuOg==/8796093024461317086",
    "payType": 1,
    "sourceUrl": "/source/56e5af4c39494f30b3134c330878fbf2_4",
    "createBy": 1,
    "free4LimitedTime": false,
    "showTotalCount": "122万"
  }]
}
