{
    "data": [{
      "bookStatus": 1,
      "author": "风与自然",
      "category": "穿越",
      "title": "重生霸宠：摄政王爷太凶猛",
      "cmReadBook": false,
      "description": "【已完结】“公主不好了，摄政王将您看了一眼的小书生配给城西屠夫的女儿了！”\n某公主咬牙，“没关系……我还有男宠！”\n“公主不好了！摄政王将您的男宠都卖去勾栏院了！”\n某公主痛心疾首，“没事……我马上嫁人了，还有驸马！”\n“公主不好了！！”\n“怎么，驸马也挂了？！”\n来人惊恐，“驸马爷被锁在了家里，门前十里红妆，身穿喜服来娶你的人，是摄政王！”\n某公主惊呆！乖乖，这日子简直没法过了！\n一句话简介，这是一个倒霉穿越女重生回来抱大腿，养大BOSS却被BOSS吃掉的忧伤故事。\n妥妥的亲妈文！\n本书催更群：336770838 本人新书已经上线，重生女强男强宠文：豪门交易：总裁的99次逼婚",
      "readCount": "7.5万",
      "iconUrl": "https://easyreadfs.nosdn.127.net/d-I8A7SIjR69UC8FN30QOg==/8796093024212874765?param=200x0&type=1.jpg",
      "payType": 1,
      "sourceUrl": "/source/ts_e3fc8a6a7b884b648b9740adb558c978_4",
      "createBy": 1,
      "free4LimitedTime": false,
      "showTotalCount": "200.4万"
    }, {
      "bookStatus": 1,
      "author": "一袖云",
      "category": "现言",
      "title": "情难自控：首席的温柔陷阱",
      "cmReadBook": false,
      "description": "20岁前的顾小悠，为了“渣男”命差点丢了。20岁后她却突然宣布：“我孩子的父亲是厉君寰！”话一出口，整个临城乱了……叔叔？侄女？这样的辈分让两家人成了临城里最大的笑话。可人言背后呢……他宠她入骨，给尽他极致的温柔。却不想她竟亲手雕刻玉蝉，赠与他，是咒他死……而厉君寰却说：“不怕，此生只要有她，我愿倾其所有，她是我恩人，也是我女人……”",
      "readCount": "1.7万",
      "iconUrl": "https://easyreadfs.nosdn.127.net/TEUHmDKMiIzO7smPsXxFtg==/8796093024479150955",
      "payType": 1,
      "sourceUrl": "/source/ts_0eeee853a71a4cebad2c8e769a1d1956_4",
      "createBy": 1,
      "free4LimitedTime": false,
      "showTotalCount": "198.7万"
    }, {
      "bookStatus": 0,
      "author": "墨子白",
      "category": "古言",
      "title": "家有王妃初长成",
      "cmReadBook": false,
      "description": "楚王爷很郁闷，别人成亲娶个美娇娘，他成亲娶个小丫头片子。别人娶妻当老婆养，他娶妻当闺女养。他更郁闷的是，自己战功赫赫，威名传九洲，百姓称为煞神，皇帝见了也要矮三分，可他家小王妃就敢拍着桌子冲他喊：不听话，小心我打你。",
      "readCount": "10.6万",
      "iconUrl": "https://easyreadfs.nosdn.127.net/mnv8OoC_dWN-YMtWIj9-Eg==/8796093024476687276",
      "payType": 1,
      "sourceUrl": "/source/ts_1553a28fa0f74b94ae12e6609a646249_4",
      "createBy": 1,
      "free4LimitedTime": false,
      "showTotalCount": "179.1万"
    }, {
      "bookStatus": 1,
      "author": "步从容",
      "category": "现言",
      "title": "昏婚欲睡",
      "cmReadBook": false,
      "description": "六年前——\r\n她说：“给我一百万，我让你要个够！”\r\n他将她抵在墙壁上：“秦暮楚，我们之间彻底玩完了！”\r\n六年后，再次重逢——\r\n他压她在床，“一百万的交易，该是时候连本带利的讨回来了！”\r\n“可是我已经结婚了！”\r\n对，她结婚已有大半年了！\r\n虽然，她对自己的丈夫一无所知，甚至连姓甚名谁她都不清楚。\r\n她唯一知晓的是，众人在提及那个男人的时候，无不敬之重之。\r\n直到有一天，那个男人如天神般降至她跟前，救她于危难之中，她震惊，不敢置信的瞪着眼前的坏男人。\r\n他一本正经道：“叫声老公来听听。”\r\n她勃然大怒：“我要离婚！！”\r\n他却不以为意，淡淡一笑，“不急，说好的床上三百六十五式，差一式都不离！”\r\n所以她要想离婚，还得陪他把这三百六十五个床上小花招全部试个遍？",
      "readCount": "4.7万",
      "iconUrl": "https://easyreadfs.nosdn.127.net/G_BMUvELaEr768K79dP7pw==/8796093023534848550?param=200x0&type=1.jpg",
      "payType": 1,
      "sourceUrl": "/source/ts_698892382925403c9e76b9d562dd26d8_4",
      "createBy": 1,
      "free4LimitedTime": false,
      "showTotalCount": "334.5万"
    }, {
      "bookStatus": 1,
      "author": "狐尼克",
      "category": "现言",
      "title": "相思入骨情可待",
      "cmReadBook": false,
      "description": "莫烟以为，她跟顾奕辰的婚姻能够维持很久，久到他可以爱上她，却从未想过，一次猝不及防的家族危机，瞬间让他们岌岌可危的婚姻分崩离析。那一日，他旧爱归来，一场毫无疑问的抉择，压垮了她最后的坚持。离婚就离婚，谁还不是小公举了，结果离婚后，却被另一人捧成了真正的公主。厉先生送她花。莫烟说：无事献顾勤非奸即盗。厉先生一本正经道：那你什么时候给我奸一下？莫烟……",
      "readCount": "3万",
      "iconUrl": "https://easyreadfs.nosdn.127.net/iIx1EMLIWj1AsCUZcPBEDg==/8796093023949434269?param=200x0&type=1.jpg",
      "payType": 1,
      "sourceUrl": "/source/ts_0f136ee5e9004a7499bb55abfffd15bd_4",
      "createBy": 1,
      "free4LimitedTime": false,
      "showTotalCount": "158.1万"
    }, {
      "bookStatus": 0,
      "author": "路菲汐",
      "category": "穿越",
      "title": "嫡女贵凰：重生毒妃狠绝色",
      "cmReadBook": false,
      "description": "她扶持夫君当上皇帝，但是他登基之日，却将她满门抄斩。\n\n重生五年前，父母尚在，她也尚未出嫁，一切还没有开始，叶慕兮誓要报仇雪恨，挽救前世遗憾。\n\n被人欺压的懦弱小姐，带着五年记忆惊艳变身，护胞弟，踩渣男，步步为营，占尽先机。\n\n只是，怎么一不小心招惹了这个妖孽世子爷？\n她杀人，他放火。她下毒，他灭口。\n\n她要愿得一人心，他就宠她一世一双人。\n\n……\n\n夫妻联手，男强女强，一宠到底。",
      "readCount": "16.7万",
      "iconUrl": "https://easyreadfs.nosdn.127.net/7mBonSrHEaKoKsczUi8XXg==/8796093023199363630?param=200x0&type=1.jpg",
      "payType": 1,
      "sourceUrl": "/source/bd_30dd006f528547f1a18f770e83886567_4",
      "createBy": 1,
      "free4LimitedTime": false,
      "showTotalCount": "425.1万"
    }, {
      "bookStatus": 1,
      "author": "风与自然",
      "category": "现言",
      "title": "豪门交易：总裁的99次逼婚",
      "cmReadBook": false,
      "description": "（已完结）重生前，她被后妈渣妹联手压榨，医术超群却成了妹妹的成名工具，最后，她一生悲惨，不得好死！\r\n重生后，她从地狱归来，虐后妈，惩渣妹，冷血无情，锐利疯狂——我的永远是我的，你动我东西，我砍你手足要你命！就是这么简单。\r\n重生前，爱慕多年的未婚夫对她冷漠厌恶，让她痛苦绝望。\r\n重生后，她微微一笑，当着男人的面将订婚扳指砸在了地上——退婚吧，这门亲事，我不要了！\r\n但那个男人却直接将她逼到了角落！——不要了？商臻，你一出生就是我的人了，想反悔，晚了！",
      "readCount": "3.6万",
      "iconUrl": "https://easyreadfs.nosdn.127.net/WvTe26O5w7zTPx_vQPMGzw==/8796093024519649884",
      "payType": 1,
      "sourceUrl": "/source/ts_8c024eb43def4c6b882a927e8bee0ffd_4",
      "createBy": 1,
      "free4LimitedTime": false,
      "showTotalCount": "105.1万"
    }, {
      "bookStatus": 1,
      "author": "杨十六",
      "category": "穿越",
      "title": "神医嫡女",
      "cmReadBook": false,
      "description": "21世纪中西医双料圣手、陆战部队特级医官凤羽珩，duang 的一声穿越成大顺朝凤家嫡女。\r\n奈何爹爹不亲，祖母不爱，娘亲懦弱，弟弟年幼，姐妹一个比一个狠辣，穿越重生，绝不能再像原主那般窝囊！\r\n跟我斗？老子一鞭子抽得你满地找牙！\r\n跟我打？老子一手术刀把你千刀万剐！\r\n玩阴的？老子一针下去扎你个半身不遂！\r\n杀我灭口？一爪子挠开你的心窝！\r\n人人可欺的柔弱女子摇身一变成为大顺朝的香饽饽，跟皇帝开医院，揽尽天下人心天下财，但是那个见鬼皇子的婚约是怎么回事儿？\r\n还有这位毁了容的瘸子你说什么？壁咚了劳资还要我助你得天下？\r\n得了天下谁还送给你！流氓王爷你si不si傻？",
      "readCount": "20.1万",
      "iconUrl": "https://easyreadfs.nosdn.127.net/7HGm_gbdVkkdDiJdExN6DQ==/8796093024017335911",
      "payType": 1,
      "sourceUrl": "/source/ts_0b4f7da6510c4a4dade9ca0b6d747796_4",
      "createBy": 1,
      "free4LimitedTime": false,
      "showTotalCount": "404.1万"
    }, {
      "bookStatus": 0,
      "author": "汤圆儿",
      "category": "现言",
      "title": "甜婚来袭：腹黑老公坏透了",
      "cmReadBook": false,
      "description": "<p>老婆，跟我回家—</p><p>　　昨天的小助理，转身成了大BOSS，还单膝跪地请她当老婆，这是要吓死她吗？</p><p>　　晚晚一口血，“啊嘞！你不是很穷很屌丝吗？说好的我养你呢？”</p><p>　　他优雅一笑，“你娶我也行，我和儿子跟你回家。”</p><p>小包子神助攻，“妈咪妈咪，快答应！买一送一，限时特惠哦！”</p><p>PS：她不是正八经的姑娘，而是来撩汉的！他也不是正八经的男人，他是来涨姿……知识的！&nbsp;毒舌小丫头PK腹黑大BOSS，除了无休止的斗嘴，只能无休止的扑倒喽。【本文爆笑，高甜，知识库，1对1欢脱到底】</p><p>　　</p>",
      "readCount": "18.2万",
      "iconUrl": "https://easyreadfs.nosdn.127.net/5fOV3PhzSw1jjrmoQ6j86w==/8796093024180711509",
      "payType": 1,
      "sourceUrl": "/source/2f7e36b461f64df095e73f01945275ba_4",
      "createBy": 1,
      "free4LimitedTime": false,
      "showTotalCount": "186.2万"
    }, {
      "bookStatus": 1,
      "author": "千苒君笑",
      "category": "穿越",
      "title": "无毒不妃：妖孽皇叔轻点疼",
      "cmReadBook": false,
      "description": "<p>一位是被迷晕抬上花轿送入皇宫给年轻病帝冲喜的代嫁皇妃；</p><p>一位是当朝执政三年的风云人物摄政王。</p><p>堂堂法医，身中下三滥媚（蟹）药，被堂妹陷害欲毁清白；</p><p>十六岁的身子里包容着一颗三十岁的心，她早已过了矫情的心理年龄；</p><p>于是关灯拉窗帘，男人拖上（蟹）床。</p><p>为此，她成为冷宫弃妃。于是她重拾身家本事，医术了得、断案无双，重获自由，努力地朝他靠近。只为了问清楚：那夜里，深入她宫闱的男人，到底是不是他？</p><p>原以为她付出得够多，两颗心就贴得够近，到最后她才发现，他对她所有的好，都带着目的……</p><p>一代医妃，三出三嫁，最终能否获得良人归？</p><p>QQ读者群：【朕的后宫都不要吵163960811】</p>",
      "readCount": "13.7万",
      "iconUrl": "https://easyreadfs.nosdn.127.net/ivX3oevEwkZ5UjrdF15J_w==/8796093022678837304",
      "payType": 1,
      "sourceUrl": "/source/647ecc23cc8840a7bc995b2e277d3754_4",
      "createBy": 1,
      "free4LimitedTime": false,
      "showTotalCount": "178.9万"
    }, {
      "bookStatus": 0,
      "author": "明药",
      "category": "现言",
      "title": "亲爱的少帅大人",
      "cmReadBook": false,
      "description": "少帅说：“我家夫人是乡下女子，不懂时髦，你们不要欺负她！”\r\n　　那些被少帅夫人抢尽了风头的名媛贵妇们欲哭无泪：到底谁欺负谁啊？\r\n　　少帅又说：“我家夫人娴静温柔，什么中医、枪法，她都不会的！”\r\n　　那些被少帅夫人治好过的病患、被少帅夫人枪杀了的仇敌：少帅您是瞎了吗？\r\n　　“我家夫人小意柔情，以丈夫为天，我说一她从来不敢说二的！”少帅跪在搓衣板上，一脸豪气云天的说。\r\n　　督军府的众副官：脸是个好东西，拜托少帅您要一下！　",
      "readCount": "110.5万",
      "iconUrl": "https://easyreadfs.nosdn.127.net/BcGJJtIylNOBW4TuztEatg==/8796093023617721645",
      "payType": 1,
      "sourceUrl": "/source/ts_68f5f49695df4fe1a2941ff3c97a481a_4",
      "createBy": 1,
      "free4LimitedTime": false,
      "showTotalCount": "450.6万"
    }, {
      "bookStatus": 0,
      "author": "一湖深",
      "category": "现言",
      "title": "强势锁婚：傅少的哑巴新妻",
      "cmReadBook": false,
      "description": "　她是个不为世人知晓的哑巴，二十岁被自己的亲哥哥设计送人，二十一岁生下他的儿子，三年夫妻，时间不长不短，亦没有让他承认过她这个傅太太。\r\n  温柔美丽的家教老师，美艳不可方物的当红明星，温婉大方的社交名媛……他身边的女人多如过江之鲫。\r\n  终于，她不堪重负，落下离婚协议远走他乡，什么都不要……\r\n  又过三年再重逢，他把她关在车内......\r\n  “苏湘，六年前你满腹心机的爬上我的床，又满腹心机的生下我的儿子，你不说一声，抛夫弃子，这个世界上没有比你更狠更毒的女人了！”",
      "readCount": "3.1万",
      "iconUrl": "https://easyreadfs.nosdn.127.net/wAbKGzOMQQxVTegrUbmPag==/8796093024325314401?param=200x0&type=1.jpg",
      "payType": 1,
      "sourceUrl": "/source/bd_709fe9665b834582944f860dad366c0e_4",
      "createBy": 1,
      "free4LimitedTime": false,
      "showTotalCount": "201.1万"
    }, {
      "bookStatus": 1,
      "author": "曲一笙",
      "category": "现言",
      "title": "腹黑老公别太坏",
      "cmReadBook": false,
      "description": "“先生，你内裤什么颜色，能让我看一下吗？”\r\n\r\n真心话大冒险失败后，楚瓷随手抓了个男人接受惩罚，不料对方却是自己婚后半年不见踪迹的丈夫。\r\n\r\n这下傅先生很不淡定，出差刚回来老婆就要给自己带绿帽？\r\n\r\n\r\n为了避免自己头顶一片草原，傅大总裁开启了疯狂的宠妻模式。",
      "readCount": "3.7万",
      "iconUrl": "https://easyreadfs.nosdn.127.net/g9klN71VfmYFztN12anRJg==/8796093024459704169",
      "payType": 1,
      "sourceUrl": "/source/ts_3f48c3d168d94819bd88197d5bfcf91e_4",
      "createBy": 1,
      "free4LimitedTime": false,
      "showTotalCount": "182.1万"
    }, {
      "bookStatus": 1,
      "author": "卿筱",
      "category": "现言",
      "title": "愿得一人心",
      "cmReadBook": false,
      "description": "老公和姐姐车震掉河里了，交警打电话来让她送两套衣服过去，她才如梦初醒，不是所有的浪子都会回头。\r\n\r\n姐姐有孕，为了娶她进门，他不惜亲手将她送给别的男人。而那个男人，不仅是他的四叔，更是她姐姐的合法丈夫。\r\n\r\n幽暗的房间里，那个男人霸道的欺上来，宣言：睡服我，我替你出气。\r\n\r\n支离破碎的婚姻，她拿着一纸离婚协议书心灰意冷的离开，迎上的却是另一个男人负手而立的身影。\r\n\r\n“终于离婚了？”男人拿走她手里的离婚协议书，仔细研究上面的条款，确保她的权益。\r\n\r\n“……是。”她看着他满面笑意，伸手欲夺回协议书。\r\n\r\n他手臂一让，笑着将她拥进怀里，“也好，并不是每个男人都有我这种和你过一辈子的决心和毅力。以后，你就和我相依为命吧。”\r\n\r\n宋依诺：“……”",
      "readCount": "52万",
      "iconUrl": "https://easyreadfs.nosdn.127.net/EfJ9dpKrLZUBnxtj30G8qQ==/8796093023425335391",
      "payType": 1,
      "sourceUrl": "/source/bd_290e675283dc49b5a28a1e1d7184f001_4",
      "createBy": 1,
      "free4LimitedTime": false,
      "showTotalCount": "352.8万"
    }, {
      "bookStatus": 1,
      "author": "承九",
      "category": "穿越",
      "title": "医妃权倾天下",
      "cmReadBook": false,
      "description": "她是太子的未婚妻，却在大婚前夕被赐给双腿皆废，瘫痪在床的前战神王爷……\n    新婚夜，本该瘫痪在床的新郎将她压在身下：“本王是要杀你灭口，还是把你毒哑？”\n    身为华夏外科第一刀，林初九自成名后，就没有被人如此威胁过。素指轻点，一个翻身，林初九将男人压在身下：“你说，我是彻底废了你的双腿，还是废了你第三条腿？”\n    她是风云医坛的天才医生，亦是父母皆亡，无依无靠的孤女；他是名满天下的战神王爷，亦是行走在黑暗间，让人闻风丧胆的魔君重楼。然，金风玉露一相逢，便胜却人间无数……\n    我林初九不是良善的女子，更不懂矫情二字怎么写。我爱你，愿为你赴汤蹈火，背负倾国骂名，助你夺万里江山；我恨你，便要剜你的心，剔你的骨，哪怕是生灵涂炭，毁这如画江山亦在所不惜……",
      "readCount": "370万",
      "iconUrl": "https://easyreadfs.nosdn.127.net/bZdyuC5M2KkuCoKrRxw7Lw==/8796093024519967878?param=200x0&type=1.jpg",
      "payType": 1,
      "sourceUrl": "/source/bd_d3f704fef4dd41adb8670f094f2160be_4",
      "createBy": 1,
      "free4LimitedTime": false,
      "showTotalCount": "211.1万"
    }, {
      "bookStatus": 0,
      "author": "杨十六",
      "category": "穿越",
      "title": "神医毒妃",
      "cmReadBook": false,
      "description": "21世纪毒医世家传人，身怀异禀，医毒双绝，一朝穿越，成了东秦王朝文国公府嫡女白鹤染。\r\n生母惨死，生父不认，嫡母当权，姐妹伪善。\r\n熊熊斗志冉冉升起，这一世，她要换一种活法。\r\n欺我者，打！\r\n辱我者，杀！\r\n逼死我母？血债血偿！\r\n阴谋算计？不死不休！\r\n面对不要脸的所谓亲人，她一笑森然：欲毁我者，满门皆诛！\r\n然而，在这条戾气正浓的路上，偶尔也会出现偏差。\r\n她杀人放火，他火上浇油。\r\n她打家劫舍，他磨刀霍霍。\r\n某皇子：小染染，你这是要拽本王去哪里？如果是去榻上，那不用拽，本王自己来……",
      "readCount": "6万",
      "iconUrl": "https://easyreadfs.nosdn.127.net/x1T4lFEE-un65me_YN2ksw==/8796093024135578523",
      "payType": 1,
      "sourceUrl": "/source/ts_0d737082a11c4f3d8d02d17090bbdf81_4",
      "createBy": 1,
      "free4LimitedTime": false,
      "showTotalCount": "195.7万"
    }, {
      "bookStatus": 0,
      "author": "平白兄",
      "category": "古言",
      "title": "春闺秘录：厂公太撩人",
      "cmReadBook": false,
      "description": "生于簪缨之家，嫁与名望世族。生前富贵尽享，死后荣显加身。旁人说起她，总感叹一句：真真是好命！没有人知道，她根本就不想要这样的好命！重活一世，她最想做的事就是：嫁给那个权倾朝野的……厂公！",
      "readCount": "2.1万",
      "iconUrl": "https://easyreadfs.nosdn.127.net/ATC4MZZFAxmX_FvSrXJ1OQ==/8796093024291092295",
      "payType": 1,
      "sourceUrl": "/source/ts_fde755854ea144189cb2486b8d88c269_4",
      "createBy": 1,
      "free4LimitedTime": false,
      "showTotalCount": "229万"
    }, {
      "bookStatus": 1,
      "author": "锦公子",
      "category": "现言",
      "title": "鲜嫩娇妻：凶猛老公，狠狠爱",
      "cmReadBook": false,
      "description": "海城一次慈善拍卖会，新晋霍太太被记者问及有关霍先生隐私——\r\n“海城都说霍三少有三好，不知霍太太是否可以告知是哪三好？”\r\n霍太太面不改色，“颜好、器好、活好！”\r\n话毕，慈善拍卖会被推入当晚的绝顶高潮。\r\n当晚霍家半山别墅，霍三少身体力行的用行动证明了霍太太对自己的夸赞后邪魅一笑，“霍太太，你应该再加三好——好粗、好长、好大！”\r\n霍太太：“……”\r\n小死了n次的霍太太觉得，她家霍先生不要脸起来，应该自己都怕！",
      "readCount": "2.1万",
      "iconUrl": "https://easyreadfs.nosdn.127.net/EET6VV2DZSazOyDUXg_YKg==/8796093023138591685?param=200x0&type=1.jpg",
      "payType": 1,
      "sourceUrl": "/source/ts_d43785f6ef364bd3ba9df065b98fe5dd_4",
      "createBy": 1,
      "free4LimitedTime": false,
      "showTotalCount": "346.1万"
    }, {
      "bookStatus": 1,
      "author": "师滢滢",
      "category": "穿越",
      "title": "邪王盛宠：神医嫡女嚣张妃",
      "cmReadBook": false,
      "description": "“娘子，你别跑，快到为夫碗里来~”\r\n她本是21世纪的天才医生，惊才绝艳，意外重生，再睁眼却成了被人欺凌的镇南侯府大小姐。\r\n她本应是受尽荣宠的嫡长女，却被庶母欺，庶妹辱，渣男虐。\r\n当她成为她，不再懦弱草包，眼底只剩冷意嚣张，虐渣斗庶母，大杀四方。\r\n可那个只见一次面就将祖代相传的正妻信物给她的男人，这么随便真的没关系吗？\r\n说好的不近女色高冷绝情的呢，这位世子爷您整天黏在身边真的好吗？",
      "readCount": "5.5万",
      "iconUrl": "https://easyreadfs.nosdn.127.net/nV1ifegvFK6r-O8RoWlFKA==/8796093023367842734",
      "payType": 1,
      "sourceUrl": "/source/bd_95ed4714624f42f0bd9bcccc084b036e_4",
      "createBy": 1,
      "free4LimitedTime": false,
      "showTotalCount": "451.4万"
    }, {
      "bookStatus": 0,
      "author": "阮佳",
      "category": "现言",
      "title": "慕少的秘宠甜妻",
      "cmReadBook": false,
      "description": "被未婚夫和闺蜜联手背叛，沈微被注射了脑死，残忍的被挖去了子宫和心脏，不甘就此死去，竟重生到了桐城慕氏集团慕南深的妻子身上。慕南深其人，冷硬狠辣，人称铁面冷神。等等，说的是她眼前的这个人吗？自从吃到她以后，某人开启了狂撩狂宠模式。她打架，他递板砖，她跟人吵架，他请了一众律师团加油助威！沈微从来没有见过一个人可以这样坦率直白的表达爱意。矜贵高冷的慕先生堵死了沈小姐的唯一的去处，“怪你过分美腻，睡到日上三竿还想睡！”",
      "readCount": "1.9万",
      "iconUrl": "https://easyreadfs.nosdn.127.net/WqnrFEjCuGaVNApJKqsr8Q==/8796093024424898611",
      "payType": 1,
      "sourceUrl": "/source/ts_ac174b3eab3141e797974c7c66c24893_4",
      "createBy": 1,
      "free4LimitedTime": false,
      "showTotalCount": "138.6万"
    },{
      "bookStatus": 0,
      "author": "二聂",
      "category": "现言",
      "title": "帝国老公狠狠爱",
      "cmReadBook": false,
      "description": "传言，顾老三貌丑心狠，且那方面不行，而事实果真如此。\n\n但许意暖偏偏是个护短的人，自己说可以，外人敢说她老公一个“不”字都不行，典型的护夫狂魔。\n\n“顾老三，你长得丑没关系，我给你介绍整容医生。你有隐疾，也没关系，我给你介绍……”\n\n许意暖还没说完，就被顾老三堵住了唇。\n\n“老婆，这种小事就不要麻烦别人了，我们自己治吧！”",
      "readCount": "15.8万",
      "iconUrl": "https://easyreadfs.nosdn.127.net/vr3JqI2Hh-10oKuBQRpiqw==/8796093024233660385?param=200x0&type=1.jpg",
      "payType": 1,
      "sourceUrl": "/source/bd_a44eac99c34a4bf28f0c7d44f1f779d9_4",
      "createBy": 1,
      "free4LimitedTime": false,
      "showTotalCount": "224.4万"
    }, {
      "bookStatus": 0,
      "author": "尘烟",
      "category": "穿越",
      "title": "嫡女在上",
      "cmReadBook": false,
      "description": "<p>21世纪金牌整容师竟然穿越成古代村妞？</p><p>没银子没爹娘也就算了，居然还嫁了个傻子！</p><p>傻子身材劲道，眉眼勾人，无奈脸若猪头！</p><p>不怕，小娘子妙手回春，一记还我漂漂拳，傻相公变成超级大帅哥。</p><p>什么……原主真实身份竟然是相府嫡女？</p><p>门不当户不对怎么办？不怕，傻子其实超级官二代！</p><p>（每天早十点晚八点固定更新，加更时间不定）欢迎关注小烟微博：写文的小烟</p>",
      "readCount": "11.7万",
      "iconUrl": "https://easyreadfs.nosdn.127.net/gcwIWlEMlPqdJDu9cf2-TA==/8796093024483877191",
      "payType": 1,
      "sourceUrl": "/source/ddbe29b8057346e983cfad557736c305_4",
      "createBy": 1,
      "free4LimitedTime": false,
      "showTotalCount": "127万"
    }, {
      "bookStatus": 1,
      "author": "空留",
      "category": "古言",
      "title": "惜花芷",
      "cmReadBook": false,
      "description": "藏拙十五年，花芷原以为自己可以做一个最合格的世家千金安稳一辈子，可当花家大厦将倾，她不得不展露锋芒出面撑起这个风雨飘摇的家，抛头露脸是常态，打马飞奔也常有，过不去了甚至带着弟妹背着棺材以绝户相逼，不好惹的名声传遍京城，她做好了家族一朝反目戳她刀子的心理建设，也做好了孤独终老的准备，独独没想到会有人在出征前盔甲着身向她许终身！好稀奇，这世上竟然还有人敢娶她！？",
      "readCount": "4.9万",
      "iconUrl": "https://easyreadfs.nosdn.127.net/SfPhjKSUw9xMOcDUNFOffw==/8796093023508497515",
      "payType": 1,
      "sourceUrl": "/source/ts_160ac8bab85f4b46be1939c0a1d7fa10_4",
      "createBy": 1,
      "free4LimitedTime": false,
      "showTotalCount": "149.7万"
    }, {
      "bookStatus": 1,
      "author": "苏紫",
      "category": "穿越",
      "title": "重生之嫡女策",
      "cmReadBook": false,
      "description": "<p>侯门一入深似海，后院凶猛，婆婆姨娘如狼似虎，堂堂贵女却天真软弱可欺。</p><p>“你知道吗？将军答应我，等你死了，就抬我做正室！还有，你那个宝贝儿子，将军惟一的嫡子，抱在奶妈怀里，为什么会好端端的掉进荷塘淹死？”</p><p>庶妹的话，如一枚淬毒的钢针，狠狠扎进她的心窝！</p><p>一朝重生，她七巧玲珑心开，翻手为云覆手为雨，再也不是任人拿捏的天真嫡女！姨娘狠辣，被她巧计斗垮！庶妹虚伪，被她撕开画皮！祖母和父亲偏心，最后跪在地上向她磕头求饶！</p><p>至于那个负心薄情的男人，她会让他泥足深陷，生不如死！</p>",
      "readCount": "10.5万",
      "iconUrl": "https://easyreadfs.nosdn.127.net/3BJ4ZEEKEQFcCNrayYwzoA==/8796093023398524530",
      "payType": 1,
      "sourceUrl": "/source/84506ff5fda447e2ba26b140e9243360_4",
      "createBy": 1,
      "free4LimitedTime": false,
      "showTotalCount": "61.4万"
    }, {
      "bookStatus": 1,
      "author": "唐溪",
      "category": "现言",
      "title": "南风也曾入我怀",
      "cmReadBook": false,
      "description": "　　她是被他抛弃的情人。\r\n　　也是他用尽手段娶来的妻子。\r\n　　本以为这是他一时兴起的另一个游戏，她避无可避也就奉陪到底。\r\n　　人人都说她是陆少最宠的女人，因为只有她敢掀他的场子，敢甩他的脸子，而他始终微笑着说她开心就好。\r\n　　但是只有她自己知道，她是他最憎恶反感的女人，因为他眼睛一眨不眨就把她丢在荒山野岭不闻不问，为了逼她无所不用其极。\r\n　　后来他如愿以偿，她被扫下堂，那天下了大雨，她身下鲜血淋漓，脸上分不清是雨水还是泪水，却笑着对他说了九个字，那时候他才知道，自己究竟失去了什么。\r\n　　……\r\n　　时过境迁，蓦然回首，才发现，\r\n　　这世间，面孔千万，你最好看。",
      "readCount": "7万",
      "iconUrl": "https://easyreadfs.nosdn.127.net/5b_g9qTV1aJ82bSYdCW-oA==/8796093023884494049?param=200x0&type=1.jpg",
      "payType": 1,
      "sourceUrl": "/source/bd_729a92d9d50447ca94823087d9740874_4",
      "createBy": 1,
      "free4LimitedTime": false,
      "showTotalCount": "107.4万"
    }, {
      "bookStatus": 0,
      "author": "桃慕慕",
      "category": "现言",
      "title": "宠你一世又何妨",
      "cmReadBook": false,
      "description": "<p>“不要叫我后妈，我没你那么大的儿子！”</p><p>艾天晴一直以为自己要嫁的人是一个快六十的老头，直到某天晚上那个邪魅冷血的男人将她抵在了门上，从此她的日子就……</p>",
      "readCount": "67.9万",
      "iconUrl": "https://easyreadfs.nosdn.127.net/qRPKrghoRhIgnz8H_8HGvw==/8796093023711980547",
      "payType": 1,
      "sourceUrl": "/source/afae1a17bbec403996d0f736fd692f73_4",
      "createBy": 1,
      "free4LimitedTime": false,
      "showTotalCount": "246.1万"
    }, {
      "bookStatus": 0,
      "author": "一捧雪",
      "category": "穿越",
      "title": "拐个王爷来生娃",
      "cmReadBook": false,
      "description": "（甜宠爽文）女强男强，一对一逗比宠文！一朝穿越成为将军府三小姐云千汐，刚刚穿越便险些强了某位王爷，转头拿了东西，溜之大吉。将军府内，爹死娘殉情，叔婶霸权，还有白莲花姐妹处处算计。云千汐扶额叹息，在现代她好歹也是流氓军团的领军人物，来到古代还能混不下去？没有什么事是打一顿解决不了的，姐妹狂，银针戳，姨娘狠，匕首捅，情敌辣，暗器扎，玩的风生水起。只是这张通缉令是怎么回事，某王爷通缉偷衣服的贼，惩罚：娶回王府，期限是一万年。当她遇上他，必是一场惊天动地，死生契阔。且看二人如何强强联手，搅动天地，狂虐渣渣，开启一场盛世绝宠。",
      "readCount": "1.5万",
      "iconUrl": "https://easyreadfs.nosdn.127.net/3JqQ-BJ21eMZOzIeq1Kh3A==/8796093024471431642",
      "payType": 1,
      "sourceUrl": "/source/bd_7e356b1351f54120883957c95c0daec0_4",
      "createBy": 1,
      "free4LimitedTime": false,
      "showTotalCount": "190.8万"
    }, {
      "bookStatus": 1,
      "author": "凌沐",
      "category": "现言",
      "title": "飘洋过海来爱你：一撞成婚",
      "cmReadBook": false,
      "description": "<p>一艘豪华邮轮，两个原本不会交集的人。</p><p>深夜，他闯进她的房，她看到了他胸前罂红的血。</p><p>他向她求助，当贞洁与正义对峙，她救了他的性命。</p><p>再次邂逅，情花随之绽放，他却牵着她人之手走进神圣的礼堂。</p><p>他说，留在我身边，除了婚姻，我什么都可以给你。</p><p>她说，我想要的，从来都是你给不了的……</p>",
      "readCount": "113.3万",
      "iconUrl": "https://easyreadfs.nosdn.127.net/PEcCF0gxxiH67tMu2rDn0Q==/8796093023331643104",
      "payType": 1,
      "sourceUrl": "/source/92ee7484bc584a35b9c35b3c4b53d967_4",
      "createBy": 1,
      "free4LimitedTime": false,
      "showTotalCount": "69.2万"
    }, {
      "bookStatus": 0,
      "author": "九殿下",
      "category": "现言",
      "title": "帝国总裁霸道宠",
      "cmReadBook": false,
      "description": "“我会负责。”新婚夜老公的叔叔在她耳畔邪恶道。人前他是让人不寒而栗的铁血商业恶魔，人后却是宠妻狂。他对她予所予求，为她铺路碎渣，让她任意妄为，一言不合就要将她宠上天。只因多看了那件衣服一眼，他就直接垄断了整个商场在她的名下。他说：“只要你要，倾我所有！”",
      "readCount": "5.3万",
      "iconUrl": "https://easyreadfs.nosdn.127.net/ktq9gderfHDrRIVxJLLNGw==/8796093024388693786",
      "payType": 1,
      "sourceUrl": "/source/ts_39dc943bd21f4222a529432352ba7bc6_4",
      "createBy": 1,
      "free4LimitedTime": false,
      "showTotalCount": "154.1万"
    }, {
      "bookStatus": 1,
      "author": "芳默默",
      "category": "现言",
      "title": "婚前试爱：总裁，慢慢爱",
      "cmReadBook": false,
      "description": "一场交易，她成了唐家少夫人，却在新婚夜独守空房。\r\n一次次刁难，她隐忍不发，直到血色染红衣裳，她心如死灰。\r\n一纸婚约彻底撕毁，独自逃离，只愿此生与他再无瓜葛！\r\n却不想，再次相遇，他将她抵在墙角，满脸霸道。\r\n“唐少爷，男女授受不亲，请你离开。”苏涵面无表情。\r\n男人一脸无赖，把她直接扛起，“小涵，昨日夜里你可不是这么说的。”\r\n半饷过后，男人沙哑的声音响起，“还要我离开吗？”\r\n“唔……不要……”",
      "readCount": "2.1万",
      "iconUrl": "https://easyreadfs.nosdn.127.net/lzZCcIg-AzvTQQUvrB8W2A==/8796093023809184394?param=200x0&type=1.jpg",
      "payType": 1,
      "sourceUrl": "/source/ts_3e45ea74356546d19b042cff3ec0ea5e_4",
      "createBy": 1,
      "free4LimitedTime": false,
      "showTotalCount": "106.2万"
    }, {
      "bookStatus": 1,
      "author": "汤圆儿",
      "category": "现言",
      "title": "诱妻入怀：前夫，请温柔",
      "cmReadBook": false,
      "description": "<p>夜——</p><p>男人裸露上身步步逼近，粗暴的扯掉浴巾，狠狠的将她刺破！</p><p>“女人，当初你费尽心机爬上我的床，为的不就是今天？”</p><p>她冷笑，“你以为，我和她们一样肤浅？”</p><p>他薄唇沿着她的锁骨绕圈圈，“不，你和她们当然不一样，她们要的是我的钱，而你……要的是我的命。”</p><p>没错，她要的就是他的命。</p><p>她能让自己的名字写进他的结婚证书，也自然有本事进入他的生命！</p><p>——————————</p><p>“女人，你赢了，没有你，我会死。”</p><p>她抚摸他的腹肌，缓缓往下，“既然横竖都是死，你选择哪种死法呢？”</p><p>“白天死在你心上，晚上死在你身上！”</p><p>她晃晃手中的绿本儿，“别闹了，在法律上，你不过是我的前夫。”</p><p></p>",
      "readCount": "87.5万",
      "iconUrl": "https://easyreadfs.nosdn.127.net/zciyDvIsiDS0xuGETIe28A==/8796093022717651584",
      "payType": 1,
      "sourceUrl": "/source/548ae48a2f654e9388ae97eeb8e38ad7_4",
      "createBy": 1,
      "free4LimitedTime": false,
      "showTotalCount": "381.2万"
    }, {
      "bookStatus": 0,
      "author": "上官娆",
      "category": "现言",
      "title": "总裁爹地惹不起",
      "cmReadBook": false,
      "description": "一场渡假，被当小姐，回国还撞见未婚夫出轨。她怒然消失离开。五年后，她带着天才萌宝回归。小宝参加钢琴大赛，哪料到，儿子竟然还打着找老爸的算盘。“镜头往这边，把我拍帅一点！我叫唐宝，我的妈咪叫唐思雨，超漂亮的哦！我今年四岁半，有长得像我，并且，有可能是我爹地的男人，请一定要联系我哦！”说完，还不忘朝镜头道，“爹地，等你哦！”后台，某女人已气疯。几天之后，神秘男人找上门，自称孩子父亲。唐思雨看着这个高大俊美，和儿子一个模子般的男人，她怒了。五年前把她强上的混蛋就是他？",
      "readCount": "37万",
      "iconUrl": "https://easyreadfs.nosdn.127.net/Jv9rrWT9MS7oJKuETkgkZg==/8796093024164236890?param=200x0&type=1.jpg",
      "payType": 1,
      "sourceUrl": "/source/ts_19689ad44a874f2e9bfe36b03752bddd_4",
      "createBy": 1,
      "free4LimitedTime": false,
      "showTotalCount": "175.5万"
    }, {
      "bookStatus": 1,
      "author": "天蚕雪灵芝",
      "category": "穿越",
      "title": "重生千金归来",
      "cmReadBook": false,
      "description": "是谁说—长歌，你我一见钟情，我这一生挚爱的都是你。\r\n是谁说—你为我生下孩子，我入赘顾家，帮你掌权祝你富贵。\r\n是谁说—长歌，你哪里都好，可惜，你不是长乐。\r\n十年欺骗，她从顾家掌权者的巅峰职位上滑落下来，丈夫于妹妹借以车祸之名截断她的双腿。\r\n她誓不求死，坚信只要活着便不会输。\r\n然而，最后却被他按在手术台上刨心挖肺。\r\n他说：“长歌，长乐病了，你的心脏能救她，你别怪我。”\r\n她咬牙切齿，怨恨的眼神凄厉若鬼：“你今日挖了我心，来日，我定要你的命来还！”\r\n他微微一笑，不屑而轻蔑：“我等你。”\r\n说罢，手起刀落，让她横尸手术台。\r\n云城的商界奇女子一夜间香消玉殒，尸骨焚化，骨灰不得入土，被扬于深海。\r\n然而谁也不会想到，千里之外，一个九死一生的少女从重度车祸抢救的手术台上醒了过来。\r\n旁边有个人说：“云萱，你醒了？”\r\n她唇角扯出一抹冷毒的笑意，字字如刀：“我是顾长歌！”",
      "readCount": "1.8万",
      "iconUrl": "https://easyreadfs.nosdn.127.net/9cKcJ_H5fqd1a3Of4qAKlQ==/8796093024449543090",
      "payType": 1,
      "sourceUrl": "/source/bd_b4375f790d81450faded708d98f1f010_4",
      "createBy": 1,
      "free4LimitedTime": false,
      "showTotalCount": "281.4万"
    }, {
      "bookStatus": 1,
      "author": "花木",
      "category": "现言",
      "title": "契约宠婚：唐少，请自重",
      "cmReadBook": false,
      "description": "为了目睹至亲最后一眼，无奈之下，她在他的吊唁函上添了几个字，成功混进灵堂。\r\n第二天，媒体惊爆：唐门少主携未婚妻出席吊丧现场……\r\n所以，她单一婵这次是闯大祸了？\r\n“既然被曝光了，那就结婚吧！”\r\n“我缺钱，你缺什么？”\r\n“我有钱，缺个女人。”\r\n“首先说明，我不是个好女人。”\r\n“正好，我也是个坏蛋。”\r\n婚后，某女夜夜锁门，某男夜夜翻窗。\r\n“唐少，请自重！”某女被压在床上控诉。\r\n“不重，怎么压你……”某男妖孽一笑。",
      "readCount": "7378",
      "iconUrl": "https://easyreadfs.nosdn.127.net/GGVM_ntPT-nBNDmaTFwPig==/8796093023950747489?param=200x0&type=1.jpg",
      "payType": 1,
      "sourceUrl": "/source/ts_f556935ca31a4599b329fd5caf496264_4",
      "createBy": 1,
      "free4LimitedTime": false,
      "showTotalCount": "121.8万"
    }, {
      "bookStatus": 1,
      "author": "莫问",
      "category": "古言",
      "title": "无盐为后",
      "cmReadBook": false,
      "description": "她是明神宗唯一亲自册立的皇后，史书说她性情温和，贤良淑德，颇有皇后气度。她于万历四十八年崩侍，五日后，神宗病倒，同年七月驾崩。总算夫妻圆满。\r\n\r\n\r\n传说中锦衣卫王千户家中有个天仙下凡，花容玉貌，我见犹怜，\r\n传说中锦衣卫王千户家中还有无盐丑女，身形魁梧，声如洪钟，\r\n\r\n王大姑娘虽不比二姑娘生的娇柔，但也是鹅蛋脸儿柳眉杏眼，唇珠丰润天生一副爱笑的可人模样，被传无盐也不恼，端坐闺中看看书，写写字，非常闲适。\r\n\r\n皇帝大婚采选，王家二姑娘在选，人们都伸长脖子等待二姑娘是个什么位分，最后二姑娘留在宫中，王家大姑娘回府备嫁，等候大婚。\r\n\r\n什么？王家无盐被册封成皇后？\r\n\r\n不是。王家大姑娘什么时候上的采选？\r\n\r\n皇帝陛下闭着眼睛在范围内选了个最有趣的当皇后，心里却是美滋滋的，这最有趣的可是他亲自放进采选名单的。皇后，咱们时间还长着呢。",
      "readCount": "2.5万",
      "iconUrl": "https://easyreadfs.nosdn.127.net/qZfQZhhwwepCJlIAhEzrYg==/8796093023884545919?param=200x0&type=1.jpg",
      "payType": 1,
      "sourceUrl": "/source/bd_dc3c92574fef477dacbf8e67cda763a7_4",
      "createBy": 1,
      "free4LimitedTime": false,
      "showTotalCount": "104.7万"
    }, {
      "bookStatus": 0,
      "author": "千苒君笑",
      "category": "穿越",
      "title": "良田喜事：腹黑夫君美如花",
      "cmReadBook": false,
      "description": "<p>孟娬穿越了，发现大伯欺占良田，堂姐妹蛇鼠一窝，祖母还要把她卖给一个下流胚子。</p><p>孟娬表示，玩不死你们她就不姓孟！</p><p>一朝捡回一个漂亮夫君，简直满足她颜值狗的所有幻想！</p><p>这位夫君装无辜装纯洁装六畜无害，后来孟娬才明白，这人表面看起来是个软糯的大白汤圆，实际上芯子却是黑得流油的芝麻馅儿！</p><p>这不，他又在衣冠楚楚地跟人谈笑风生了，孟娬扶着腰暗骂一声：衣冠禽兽！</p>",
      "readCount": "2.1万",
      "iconUrl": "https://easyreadfs.nosdn.127.net/x4lvRrncoKnm90LVaz7RJQ==/8796093024453806347",
      "payType": 1,
      "sourceUrl": "/source/88062503e7f24b4980f1b37c53f43615_4",
      "createBy": 1,
      "free4LimitedTime": false,
      "showTotalCount": "14.7万"
    }, {
      "bookStatus": 0,
      "author": "鄀宁宁",
      "category": "现言",
      "title": "赖上婚床：林先生别来有恙",
      "cmReadBook": false,
      "description": "<p>五年前，她怀着他的孩子被迫跟他分手。</p><p>孩子出生就被送走，她四处打听，却找不到孩子的下落。</p><p>五年后，她和他再度重逢，他身边站着美艳的未婚妻，对她冰冷刻薄。</p><p>他收购了她所在的公司，成了她的上司，两人重新每日相处……</p>",
      "readCount": "4万",
      "iconUrl": "https://easyreadfs.nosdn.127.net/b9t3sTSj2M2yQqvOd2l0nA==/8796093023753543099",
      "payType": 1,
      "sourceUrl": "/source/421a6c3c1d1a44bc9f2cfeb00395a5ec_4",
      "createBy": 1,
      "free4LimitedTime": false,
      "showTotalCount": "105.8万"
    }, {
      "bookStatus": 1,
      "author": "桑榆未晚",
      "category": "现言",
      "title": "原来你也在这里",
      "cmReadBook": false,
      "description": "二十岁的杨拂晓，初吻没了，初夜没了，就连卡里的那十万块钱都不翼而飞了。\r\n人人都说她傻，被人渣骗了身骗了心骗了钱财，死里逃生才捡回一条命。\r\n没有人知道，那一年，她最爱的人死了。\r\n\r\n三年后，继母逼着她去做处女膜修复手术。\r\n心如死灰的她反抗无效，屈辱之下，一个神秘的男人却忽然闯入了她的世界。\r\n\r\n面对职场性骚扰，无奈之下向他求助。\r\n他嘴角噙着一抹淡笑：“哪只手动的，砍掉解不解气？”\r\n\r\n看着他英俊的脸，她再三告诫自己，人死不能复生，他却好似一个黑暗的漩涡将她生生裹挟进去。\r\n她想要抽身，他却步步紧逼，“撩拨之后还想要全身而退？杨拂晓，游戏规则是我定的，不是你。”",
      "readCount": "11.2万",
      "iconUrl": "https://easyreadfs.nosdn.127.net/Jgz5je2OwhuN-QhdL8J8gg==/8796093023425348535",
      "payType": 1,
      "sourceUrl": "/source/bd_ed3adc699a3f4f5caadd6c0c963f8363_4",
      "createBy": 1,
      "free4LimitedTime": false,
      "showTotalCount": "144.3万"
    }, {
      "bookStatus": 1,
      "author": "陌上人如玉",
      "category": "穿越",
      "title": "大理寺少卿的宠物生涯（同名网络剧原著）",
      "cmReadBook": false,
      "description": "别人穿越都是吃香喝辣，为嘛她穿越却要整天吃死老鼠？\r\n别人穿越后身边都有美男相伴，为嘛她却要变成傲娇男的药引？\r\n浑身上下都被他顺毛了不说，最主要的是他需要的药引居然长在……\r\n大哥，能不能打个商量，伦家好歹也是一只娇小呆萌宇宙无敌的小香狸，你怎么能对伦家做出这种禽兽不如的事情来！\r\n\r\n泥们都闪开，让喵静一静。",
      "readCount": "3.6万",
      "iconUrl": "https://easyreadfs.nosdn.127.net/4uDBbTHdHXNRW7jIUAxB7Q==/8796093023390587122",
      "payType": 1,
      "sourceUrl": "/source/bd_27632a2787a8439cbbe7aaab249aa82d_4",
      "createBy": 1,
      "free4LimitedTime": false,
      "showTotalCount": "147万"
    }, {
      "bookStatus": 0,
      "author": "湛王妃",
      "category": "现言",
      "title": "宠妻撩人：老公持证上岗",
      "cmReadBook": false,
      "description": "<p>江彦丞这辈子最落魄的那天遇见谭璇，她冷漠桀骜：“跟我结婚，这五百万归你。”</p><p>他衣衫褴褛，身上有伤，不解地问她：“为什么？我一无所有。”</p><p>谭璇毫不在乎：“你的一无所有和口齿不清正符合我的伴侣要求，一年时间，配合我演好戏，我会力所能及给你想要的东西，除了爱情，一切都可以。”</p><p>黑暗中，江彦丞敛下眉眼，捏着那张支票，唇边的笑容变得森冷而危险。</p><p>天之骄女如她，曾爱过一个最好的人，后来者通通都是将就。</p><p>心机深沉如他，做惯了人生的主角，怎甘心只做陪衬？</p><p>……</p><p>许久后，露出真面目的江彦丞捏住谭璇的下巴逼近：“老婆，全世界都知道我被你谭小七睡过，谁还敢嫁我？咱们这辈子只能床头打架床尾和，离婚可由不得你！”</p><p></p>",
      "readCount": "23万",
      "iconUrl": "https://easyreadfs.nosdn.127.net/0IRvyGdeSI2LpANfahrKVQ==/8796093023415009975",
      "payType": 1,
      "sourceUrl": "/source/7f6cb24c11fd4176a27e91964e993b12_4",
      "createBy": 1,
      "free4LimitedTime": false,
      "showTotalCount": "164.2万"
    }]
  }
