{
    "id":"girl",
    "top": [{
      "bookStatus": 1,
      "author": "风与自然",
      "category": "穿越",
      "title": "重生霸宠：摄政王爷太凶猛",
      "cmReadBook": false,
      "description": "【已完结】“公主不好了，摄政王将您看了一眼的小书生配给城西屠夫的女儿了！”\n某公主咬牙，“没关系……我还有男宠！”\n“公主不好了！摄政王将您的男宠都卖去勾栏院了！”\n某公主痛心疾首，“没事……我马上嫁人了，还有驸马！”\n“公主不好了！！”\n“怎么，驸马也挂了？！”\n来人惊恐，“驸马爷被锁在了家里，门前十里红妆，身穿喜服来娶你的人，是摄政王！”\n某公主惊呆！乖乖，这日子简直没法过了！\n一句话简介，这是一个倒霉穿越女重生回来抱大腿，养大BOSS却被BOSS吃掉的忧伤故事。\n妥妥的亲妈文！\n本书催更群：336770838 本人新书已经上线，重生女强男强宠文：豪门交易：总裁的99次逼婚",
      "readCount": "5.9万",
      "iconUrl": "https://easyreadfs.nosdn.127.net/d-I8A7SIjR69UC8FN30QOg==/8796093024212874765?param=200x0&type=1.jpg",
      "payType": 1,
      "sourceUrl": "/source/ts_e3fc8a6a7b884b648b9740adb558c978_4",
      "createBy": 1,
      "free4LimitedTime": false,
      "showTotalCount": "201.3万"
    }, {
      "bookStatus": 0,
      "author": "汤圆儿",
      "category": "现言",
      "title": "甜婚来袭：腹黑老公坏透了",
      "cmReadBook": false,
      "description": "<p>老婆，跟我回家—</p><p>　　昨天的小助理，转身成了大BOSS，还单膝跪地请她当老婆，这是要吓死她吗？</p><p>　　晚晚一口血，“啊嘞！你不是很穷很屌丝吗？说好的我养你呢？”</p><p>　　他优雅一笑，“你娶我也行，我和儿子跟你回家。”</p><p>小包子神助攻，“妈咪妈咪，快答应！买一送一，限时特惠哦！”</p><p>PS：她不是正八经的姑娘，而是来撩汉的！他也不是正八经的男人，他是来涨姿……知识的！&nbsp;毒舌小丫头PK腹黑大BOSS，除了无休止的斗嘴，只能无休止的扑倒喽。【本文爆笑，高甜，知识库，1对1欢脱到底】</p><p>　　</p>",
      "readCount": "18.2万",
      "iconUrl": "https://easyreadfs.nosdn.127.net/5fOV3PhzSw1jjrmoQ6j86w==/8796093024180711509",
      "payType": 1,
      "sourceUrl": "/source/2f7e36b461f64df095e73f01945275ba_4",
      "createBy": 1,
      "free4LimitedTime": false,
      "showTotalCount": "181.4万"
    }, {
      "bookStatus": 0,
      "author": "墨子白",
      "category": "古言",
      "title": "家有王妃初长成",
      "cmReadBook": false,
      "description": "楚王爷很郁闷，别人成亲娶个美娇娘，他成亲娶个小丫头片子。别人娶妻当老婆养，他娶妻当闺女养。他更郁闷的是，自己战功赫赫，威名传九洲，百姓称为煞神，皇帝见了也要矮三分，可他家小王妃就敢拍着桌子冲他喊：不听话，小心我打你。",
      "readCount": "10.5万",
      "iconUrl": "https://easyreadfs.nosdn.127.net/mnv8OoC_dWN-YMtWIj9-Eg==/8796093024476687276",
      "payType": 1,
      "sourceUrl": "/source/ts_1553a28fa0f74b94ae12e6609a646249_4",
      "createBy": 1,
      "free4LimitedTime": false,
      "showTotalCount": "177.9万"
    }],
    "bottom":[{
      "bookStatus": 1,
      "author": "曲一笙",
      "category": "现言",
      "title": "腹黑老公别太坏",
      "cmReadBook": false,
      "description": "“先生，你内裤什么颜色，能让我看一下吗？”\r\n\r\n真心话大冒险失败后，楚瓷随手抓了个男人接受惩罚，不料对方却是自己婚后半年不见踪迹的丈夫。\r\n\r\n这下傅先生很不淡定，出差刚回来老婆就要给自己带绿帽？\r\n\r\n\r\n为了避免自己头顶一片草原，傅大总裁开启了疯狂的宠妻模式。",
      "readCount": "3.6万",
      "iconUrl": "https://easyreadfs.nosdn.127.net/g9klN71VfmYFztN12anRJg==/8796093024459704169",
      "payType": 1,
      "sourceUrl": "/source/ts_3f48c3d168d94819bd88197d5bfcf91e_4",
      "createBy": 1,
      "free4LimitedTime": false,
      "showTotalCount": "182.1万"
    }, {
      "bookStatus": 1,
      "author": "狐尼克",
      "category": "现言",
      "title": "相思入骨情可待",
      "cmReadBook": false,
      "description": "莫烟以为，她跟顾奕辰的婚姻能够维持很久，久到他可以爱上她，却从未想过，一次猝不及防的家族危机，瞬间让他们岌岌可危的婚姻分崩离析。那一日，他旧爱归来，一场毫无疑问的抉择，压垮了她最后的坚持。离婚就离婚，谁还不是小公举了，结果离婚后，却被另一人捧成了真正的公主。厉先生送她花。莫烟说：无事献顾勤非奸即盗。厉先生一本正经道：那你什么时候给我奸一下？莫烟……",
      "readCount": "2.9万",
      "iconUrl": "https://easyreadfs.nosdn.127.net/iIx1EMLIWj1AsCUZcPBEDg==/8796093023949434269?param=200x0&type=1.jpg",
      "payType": 1,
      "sourceUrl": "/source/ts_0f136ee5e9004a7499bb55abfffd15bd_4",
      "createBy": 1,
      "free4LimitedTime": false,
      "showTotalCount": "158.1万"
    }, {
      "bookStatus": 0,
      "author": "路菲汐",
      "category": "穿越",
      "title": "嫡女贵凰：重生毒妃狠绝色",
      "cmReadBook": false,
      "description": "她扶持夫君当上皇帝，但是他登基之日，却将她满门抄斩。\n\n重生五年前，父母尚在，她也尚未出嫁，一切还没有开始，叶慕兮誓要报仇雪恨，挽救前世遗憾。\n\n被人欺压的懦弱小姐，带着五年记忆惊艳变身，护胞弟，踩渣男，步步为营，占尽先机。\n\n只是，怎么一不小心招惹了这个妖孽世子爷？\n她杀人，他放火。她下毒，他灭口。\n\n她要愿得一人心，他就宠她一世一双人。\n\n……\n\n夫妻联手，男强女强，一宠到底。",
      "readCount": "16.4万",
      "iconUrl": "https://easyreadfs.nosdn.127.net/7mBonSrHEaKoKsczUi8XXg==/8796093023199363630?param=200x0&type=1.jpg",
      "payType": 1,
      "sourceUrl": "/source/bd_30dd006f528547f1a18f770e83886567_4",
      "createBy": 1,
      "free4LimitedTime": false,
      "showTotalCount": "422.4万"
    }, {
      "bookStatus": 1,
      "author": "天蚕雪灵芝",
      "category": "穿越",
      "title": "重生千金归来",
      "cmReadBook": false,
      "description": "是谁说—长歌，你我一见钟情，我这一生挚爱的都是你。\r\n是谁说—你为我生下孩子，我入赘顾家，帮你掌权祝你富贵。\r\n是谁说—长歌，你哪里都好，可惜，你不是长乐。\r\n十年欺骗，她从顾家掌权者的巅峰职位上滑落下来，丈夫于妹妹借以车祸之名截断她的双腿。\r\n她誓不求死，坚信只要活着便不会输。\r\n然而，最后却被他按在手术台上刨心挖肺。\r\n他说：“长歌，长乐病了，你的心脏能救她，你别怪我。”\r\n她咬牙切齿，怨恨的眼神凄厉若鬼：“你今日挖了我心，来日，我定要你的命来还！”\r\n他微微一笑，不屑而轻蔑：“我等你。”\r\n说罢，手起刀落，让她横尸手术台。\r\n云城的商界奇女子一夜间香消玉殒，尸骨焚化，骨灰不得入土，被扬于深海。\r\n然而谁也不会想到，千里之外，一个九死一生的少女从重度车祸抢救的手术台上醒了过来。\r\n旁边有个人说：“云萱，你醒了？”\r\n她唇角扯出一抹冷毒的笑意，字字如刀：“我是顾长歌！”",
      "readCount": "1.8万",
      "iconUrl": "https://easyreadfs.nosdn.127.net/9cKcJ_H5fqd1a3Of4qAKlQ==/8796093024449543090",
      "payType": 1,
      "sourceUrl": "/source/bd_b4375f790d81450faded708d98f1f010_4",
      "createBy": 1,
      "free4LimitedTime": false,
      "showTotalCount": "281.4万"
    }, {
      "bookStatus": 1,
      "author": "杨十六",
      "category": "穿越",
      "title": "神医嫡女",
      "cmReadBook": false,
      "description": "21世纪中西医双料圣手、陆战部队特级医官凤羽珩，duang 的一声穿越成大顺朝凤家嫡女。\r\n奈何爹爹不亲，祖母不爱，娘亲懦弱，弟弟年幼，姐妹一个比一个狠辣，穿越重生，绝不能再像原主那般窝囊！\r\n跟我斗？老子一鞭子抽得你满地找牙！\r\n跟我打？老子一手术刀把你千刀万剐！\r\n玩阴的？老子一针下去扎你个半身不遂！\r\n杀我灭口？一爪子挠开你的心窝！\r\n人人可欺的柔弱女子摇身一变成为大顺朝的香饽饽，跟皇帝开医院，揽尽天下人心天下财，但是那个见鬼皇子的婚约是怎么回事儿？\r\n还有这位毁了容的瘸子你说什么？壁咚了劳资还要我助你得天下？\r\n得了天下谁还送给你！流氓王爷你si不si傻？",
      "readCount": "20.1万",
      "iconUrl": "https://easyreadfs.nosdn.127.net/7HGm_gbdVkkdDiJdExN6DQ==/8796093024017335911",
      "payType": 1,
      "sourceUrl": "/source/ts_0b4f7da6510c4a4dade9ca0b6d747796_4",
      "createBy": 1,
      "free4LimitedTime": false,
      "showTotalCount": "404.1万"
    }, {
      "bookStatus": 0,
      "author": "二聂",
      "category": "现言",
      "title": "帝国老公狠狠爱",
      "cmReadBook": false,
      "description": "传言，顾老三貌丑心狠，且那方面不行，而事实果真如此。\n\n但许意暖偏偏是个护短的人，自己说可以，外人敢说她老公一个“不”字都不行，典型的护夫狂魔。\n\n“顾老三，你长得丑没关系，我给你介绍整容医生。你有隐疾，也没关系，我给你介绍……”\n\n许意暖还没说完，就被顾老三堵住了唇。\n\n“老婆，这种小事就不要麻烦别人了，我们自己治吧！”",
      "readCount": "15.6万",
      "iconUrl": "https://easyreadfs.nosdn.127.net/vr3JqI2Hh-10oKuBQRpiqw==/8796093024233660385?param=200x0&type=1.jpg",
      "payType": 1,
      "sourceUrl": "/source/bd_a44eac99c34a4bf28f0c7d44f1f779d9_4",
      "createBy": 1,
      "free4LimitedTime": false,
      "showTotalCount": "220.3万"
    }]
}
